player,team,matches,innings,runs,balls_faced,fours,sixes,dismissals,not_outs,high_score,ducks,pp_runs,pp_balls,mid_runs,mid_balls,death_runs,death_balls,dot_balls,strike_rate,average,pp_strike_rate,mid_strike_rate,death_strike_rate,batting_phase,sample_reliability_score,balls_faced_per_match,boundary_rate,six_rate,four_rate,dot_ball_rate,season_start_year
AM Ghazanfar,Mumbai Indians,1,1,2,3,0,0,0,1,2,0,0,0,0,0,2,3,1,66.67,,,,66.67,death_strike_rate,0.075,3.0,0.0,0.0,0.0,0.333,2026
Abdul Samad,Lucknow Super Giants,7,7,116,88,10,5,6,1,37,1,0,0,62,55,54,33,34,131.82,19.33,,112.73,163.64,death_strike_rate,0.804,12.57,0.17,0.057,0.114,0.386,2026
Abhishek Sharma,Sunrisers Hyderabad,15,15,563,275,50,43,14,1,135,3,369,172,174,86,20,17,89,204.73,40.21,214.53,202.33,117.65,pp_strike_rate,1.0,18.33,0.338,0.156,0.182,0.324,2026
Abishek Porel,Delhi Capitals,4,4,108,88,15,1,4,0,51,0,66,51,38,34,4,3,35,122.73,27.0,129.41,111.76,133.33,death_strike_rate,0.617,22.0,0.182,0.011,0.17,0.398,2026
Adam Milne,Rajasthan Royals,1,1,2,2,0,0,0,1,2,0,0,0,0,0,2,2,1,100.0,,,,100.0,death_strike_rate,0.071,2.0,0.0,0.0,0.0,0.5,2026
Aiden Markram,Lucknow Super Giants,11,12,231,168,20,11,9,3,45,2,120,88,57,52,54,28,56,137.5,25.67,136.36,109.62,192.86,death_strike_rate,1.0,15.27,0.185,0.065,0.119,0.333,2026
Ajinkya Rahane,Kolkata Knight Riders,14,14,335,248,25,18,12,2,67,2,202,156,133,92,0,0,91,135.08,27.92,129.49,144.57,,mid_strike_rate,1.0,17.71,0.173,0.073,0.101,0.367,2026
Akeal Hosein,Chennai Super Kings,2,2,5,3,0,0,0,2,3,0,0,0,0,0,5,3,0,166.67,,,,166.67,death_strike_rate,0.138,1.5,0.0,0.0,0.0,0.0,2026
Akshat Raghuwanshi,Lucknow Super Giants,2,2,29,25,1,1,2,0,18,0,0,0,29,25,0,0,7,116.0,14.5,,116.0,,mid_strike_rate,0.229,12.5,0.08,0.04,0.04,0.28,2026
Angkrish Raghuvanshi,Kolkata Knight Riders,12,12,422,287,40,19,8,4,82,0,129,101,214,146,79,40,97,147.04,52.75,127.72,146.58,197.5,death_strike_rate,1.0,23.92,0.206,0.066,0.139,0.338,2026
Aniket Verma,Sunrisers Hyderabad,8,8,79,54,6,5,5,3,43,0,0,0,16,21,63,33,20,146.3,15.8,,76.19,190.91,death_strike_rate,0.725,6.75,0.204,0.093,0.111,0.37,2026
Anrich Nortje,Lucknow Super Giants,1,1,0,1,0,0,1,0,0,1,0,0,0,0,0,1,1,0.0,0.0,,,0.0,death_strike_rate,0.067,1.0,0.0,0.0,0.0,1.0,2026
Anshul Kamboj,Chennai Super Kings,4,4,59,38,3,4,1,3,19,0,0,0,19,8,40,30,8,155.26,59.0,,237.5,133.33,mid_strike_rate,0.408,9.5,0.184,0.105,0.079,0.211,2026
Anukul Roy,Kolkata Knight Riders,7,7,52,39,3,2,4,3,29,2,0,0,15,17,37,22,12,133.33,13.0,,88.24,168.18,death_strike_rate,0.6,5.57,0.128,0.051,0.077,0.308,2026
Arjun Tendulkar,Lucknow Super Giants,1,1,5,5,0,0,0,1,5,0,0,0,0,0,5,5,1,100.0,,,,100.0,death_strike_rate,0.083,5.0,0.0,0.0,0.0,0.2,2026
Arshad Khan,Gujarat Titans,2,2,23,11,1,2,1,1,15,0,0,0,15,6,8,5,2,209.09,23.0,,250.0,160.0,mid_strike_rate,0.171,5.5,0.273,0.182,0.091,0.182,2026
Arshdeep Singh,Punjab Kings,1,1,1,1,0,0,0,1,1,0,0,0,0,0,1,1,0,100.0,,,,100.0,death_strike_rate,0.067,1.0,0.0,0.0,0.0,0.0,2026
Arshin Kulkarni,Lucknow Super Giants,2,2,17,25,1,0,2,0,17,1,8,13,9,12,0,0,14,68.0,8.5,61.54,75.0,,mid_strike_rate,0.229,12.5,0.04,0.0,0.04,0.56,2026
Ashok Sharma,Gujarat Titans,2,2,1,4,0,0,0,2,1,0,0,0,1,3,0,1,3,25.0,,,33.33,0.0,mid_strike_rate,0.142,2.0,0.0,0.0,0.0,0.75,2026
Ashutosh Sharma,Delhi Capitals,8,8,171,94,15,12,5,3,39,0,0,0,26,23,145,71,30,181.91,34.2,,113.04,204.23,death_strike_rate,0.892,11.75,0.287,0.128,0.16,0.319,2026
Ashwani Kumar,Mumbai Indians,1,1,1,6,0,0,0,1,1,0,0,0,0,0,1,6,5,16.67,,,,16.67,death_strike_rate,0.088,6.0,0.0,0.0,0.0,0.833,2026
Auqib Nabi,Delhi Capitals,2,2,14,4,2,1,1,1,10,0,0,0,4,1,10,3,1,350.0,14.0,,400.0,333.33,mid_strike_rate,0.142,2.0,0.75,0.25,0.5,0.25,2026
Avesh Khan,Lucknow Super Giants,3,3,6,6,1,0,1,2,4,0,0,0,0,0,6,6,3,100.0,6.0,,,100.0,death_strike_rate,0.212,2.0,0.167,0.0,0.167,0.5,2026
Axar Patel,Delhi Capitals,11,11,173,132,16,6,9,2,56,2,8,9,120,94,45,29,44,131.06,19.22,88.89,127.66,155.17,death_strike_rate,1.0,12.0,0.167,0.045,0.121,0.333,2026
Ayush Badoni,Lucknow Super Giants,10,10,215,141,23,9,10,0,54,3,95,52,96,75,24,14,50,152.48,21.5,182.69,128.0,171.43,pp_strike_rate,1.0,14.1,0.227,0.064,0.163,0.355,2026
Ayush Mhatre,Chennai Super Kings,6,6,201,113,20,12,5,1,73,1,98,53,97,53,6,7,38,177.88,40.2,184.91,183.02,85.71,pp_strike_rate,0.846,18.83,0.283,0.106,0.177,0.336,2026
Azmatullah Omarzai,Punjab Kings,2,2,52,27,3,5,2,0,38,0,0,0,12,7,40,20,10,192.59,26.0,,171.43,200.0,death_strike_rate,0.238,13.5,0.296,0.185,0.111,0.37,2026
Bhuvneshwar Kumar,Royal Challengers Bengaluru,4,4,34,26,3,1,0,4,15,0,0,0,4,3,30,23,10,130.77,,,133.33,130.43,mid_strike_rate,0.358,6.5,0.154,0.038,0.115,0.385,2026
Brijesh Sharma,Rajasthan Royals,2,2,2,4,0,0,0,2,1,0,0,0,0,0,2,4,2,50.0,,,,50.0,death_strike_rate,0.142,2.0,0.0,0.0,0.0,0.5,2026
Cameron Green,Kolkata Knight Riders,14,14,322,221,22,17,8,6,79,1,61,51,200,128,61,42,68,145.7,40.25,119.61,156.25,145.24,mid_strike_rate,1.0,15.79,0.176,0.077,0.1,0.308,2026
Cooper Connolly,Punjab Kings,13,13,491,301,43,32,11,2,107,1,137,103,260,161,94,37,109,163.12,44.64,133.01,161.49,254.05,death_strike_rate,1.0,23.15,0.249,0.106,0.143,0.362,2026
Corbin Bosch,Mumbai Indians,4,4,50,31,5,2,1,3,32,0,0,0,0,0,50,31,10,161.29,50.0,,,161.29,death_strike_rate,0.379,7.75,0.226,0.065,0.161,0.323,2026
Danish Malewar,Mumbai Indians,2,2,2,5,0,0,2,0,2,1,2,5,0,0,0,0,3,40.0,1.0,40.0,,,pp_strike_rate,0.146,2.5,0.0,0.0,0.0,0.6,2026
Dasun Shanaka,Rajasthan Royals,5,5,63,46,3,4,4,1,29,0,0,0,40,29,23,17,18,136.96,15.75,,137.93,135.29,mid_strike_rate,0.504,9.2,0.152,0.087,0.065,0.391,2026
David Miller,Delhi Capitals,10,10,211,137,15,14,6,4,51,1,4,8,79,68,128,61,45,154.01,35.17,50.0,116.18,209.84,death_strike_rate,1.0,13.7,0.212,0.102,0.109,0.328,2026
David Payne,Sunrisers Hyderabad,1,1,6,5,0,0,0,1,6,0,0,0,0,0,6,5,1,120.0,,,,120.0,death_strike_rate,0.083,5.0,0.0,0.0,0.0,0.2,2026
Deepak Chahar,Mumbai Indians,4,4,25,19,3,1,2,2,10,0,0,0,6,5,19,14,10,131.58,12.5,,120.0,135.71,death_strike_rate,0.329,4.75,0.211,0.053,0.158,0.526,2026
Devdutt Padikkal,Royal Challengers Bengaluru,15,15,464,275,49,24,14,1,61,0,245,139,219,136,0,0,86,168.73,33.14,176.26,161.03,,pp_strike_rate,1.0,18.33,0.265,0.087,0.178,0.313,2026
Dewald Brevis,Chennai Super Kings,8,8,151,118,8,10,8,0,44,1,3,6,110,91,38,21,45,127.97,18.88,50.0,120.88,180.95,death_strike_rate,0.992,14.75,0.153,0.085,0.068,0.381,2026
Dhruv Jurel,Rajasthan Royals,16,16,514,332,47,24,14,2,81,2,128,80,311,202,75,50,101,154.82,36.71,160.0,153.96,150.0,pp_strike_rate,1.0,20.75,0.214,0.072,0.142,0.304,2026
Digvesh Singh Rathi,Lucknow Super Giants,2,2,2,5,0,0,0,2,2,0,0,0,0,0,2,5,3,40.0,,,,40.0,death_strike_rate,0.146,2.5,0.0,0.0,0.0,0.6,2026
Donovan Ferreira,Rajasthan Royals,13,13,317,177,26,23,9,4,69,1,14,11,119,83,184,83,64,179.1,35.22,127.27,143.37,221.69,death_strike_rate,1.0,13.62,0.277,0.13,0.147,0.362,2026
Dushmantha Chameera,Delhi Capitals,1,1,0,3,0,0,0,1,0,0,0,0,0,0,0,3,3,0.0,,,,0.0,death_strike_rate,0.075,3.0,0.0,0.0,0.0,1.0,2026
Eshan Malinga,Sunrisers Hyderabad,3,3,7,17,0,0,1,2,5,0,0,0,1,4,6,13,10,41.18,7.0,,25.0,46.15,death_strike_rate,0.258,5.67,0.0,0.0,0.0,0.588,2026
Finn Allen,Kolkata Knight Riders,11,11,349,163,33,28,10,1,100,0,207,113,142,50,0,0,58,214.11,34.9,183.19,284.0,,mid_strike_rate,1.0,14.82,0.374,0.172,0.202,0.356,2026
George Linde,Lucknow Super Giants,3,3,31,21,6,0,3,0,16,0,0,0,0,0,31,21,10,147.62,10.33,,,147.62,death_strike_rate,0.275,7.0,0.286,0.0,0.286,0.476,2026
Glenn Phillips,Gujarat Titans,5,5,67,54,4,2,4,1,25,0,4,5,32,26,31,23,14,124.07,16.75,80.0,123.08,134.78,death_strike_rate,0.538,10.8,0.111,0.037,0.074,0.259,2026
Hardik Pandya,Mumbai Indians,10,10,206,149,21,7,9,1,40,0,14,9,112,81,80,59,50,138.26,22.89,155.56,138.27,135.59,pp_strike_rate,1.0,14.9,0.188,0.047,0.141,0.336,2026
Harpreet Brar,Punjab Kings,1,1,5,3,1,0,0,1,5,0,0,0,0,0,5,3,1,166.67,,,,166.67,death_strike_rate,0.075,3.0,0.333,0.0,0.333,0.333,2026
Harsh Dubey,Sunrisers Hyderabad,4,4,13,9,2,0,2,2,9,1,0,0,0,0,13,9,3,144.44,6.5,,,144.44,death_strike_rate,0.288,2.25,0.222,0.0,0.222,0.333,2026
Harshal Patel,Sunrisers Hyderabad,3,3,10,9,2,0,2,1,6,1,0,0,0,0,10,9,5,111.11,5.0,,,111.11,death_strike_rate,0.225,3.0,0.222,0.0,0.222,0.556,2026
Heinrich Klaasen,Sunrisers Hyderabad,15,15,624,390,48,31,13,2,69,0,21,21,418,265,185,104,105,160.0,48.0,100.0,157.74,177.88,death_strike_rate,1.0,26.0,0.203,0.079,0.123,0.269,2026
Himmat Singh,Lucknow Super Giants,5,5,92,69,5,5,3,2,40,0,0,0,27,30,65,39,21,133.33,30.67,,90.0,166.67,death_strike_rate,0.6,13.8,0.145,0.072,0.072,0.304,2026
Ishan Kishan,Sunrisers Hyderabad,15,15,604,331,60,32,14,1,91,2,188,104,354,195,62,32,87,182.48,43.14,180.77,181.54,193.75,death_strike_rate,1.0,22.07,0.278,0.097,0.181,0.263,2026
Jacob Bethell,Royal Challengers Bengaluru,7,7,96,77,12,3,7,0,27,0,83,61,13,16,0,0,33,124.68,13.71,136.07,81.25,,pp_strike_rate,0.758,11.0,0.195,0.039,0.156,0.429,2026
Jaiswal,Rajasthan Royals,1,1,1,1,0,0,0,1,1,0,0,0,1,1,0,0,0,100.0,,,100.0,,mid_strike_rate,0.067,1.0,0.0,0.0,0.0,0.0,2026
Jamie Overton,Chennai Super Kings,6,6,136,86,13,6,5,1,43,0,0,0,47,30,89,56,26,158.14,27.2,,156.67,158.93,death_strike_rate,0.733,14.33,0.221,0.07,0.151,0.302,2026
Jason Holder,Gujarat Titans,7,7,65,52,3,3,5,2,23,1,0,3,12,10,53,39,18,125.0,13.0,0.0,120.0,135.9,death_strike_rate,0.654,7.43,0.115,0.058,0.058,0.346,2026
Jasprit Bumrah,Mumbai Indians,2,2,7,7,1,0,1,1,5,0,0,0,5,2,2,5,3,100.0,7.0,,250.0,40.0,mid_strike_rate,0.154,3.5,0.143,0.0,0.143,0.429,2026
Jaydev Unadkat,Sunrisers Hyderabad,1,1,4,3,0,0,0,1,4,0,0,0,0,0,4,3,1,133.33,,,,133.33,death_strike_rate,0.075,3.0,0.0,0.0,0.0,0.333,2026
Jitesh Sharma,Royal Challengers Bengaluru,12,12,117,96,9,6,9,3,23,1,0,0,62,54,55,42,43,121.88,13.0,,114.81,130.95,death_strike_rate,0.9,8.0,0.156,0.062,0.094,0.448,2026
Jofra Archer,Rajasthan Royals,10,10,64,47,4,4,5,5,32,0,0,0,15,15,49,32,19,136.17,12.8,,100.0,153.12,death_strike_rate,0.696,4.7,0.17,0.085,0.085,0.404,2026
Jos Buttler,Gujarat Titans,17,17,526,345,51,26,14,3,60,0,167,103,284,198,75,44,119,152.46,37.57,162.14,143.43,170.45,death_strike_rate,1.0,20.29,0.223,0.075,0.148,0.345,2026
Josh Hazlewood,Royal Challengers Bengaluru,1,1,0,1,0,0,1,0,0,1,0,0,0,0,0,1,1,0.0,0.0,,,0.0,death_strike_rate,0.067,1.0,0.0,0.0,0.0,1.0,2026
Josh Inglis,Lucknow Super Giants,5,5,262,143,31,12,5,0,81,0,175,78,84,61,3,4,42,183.22,52.4,224.36,137.7,75.0,pp_strike_rate,0.812,28.6,0.301,0.084,0.217,0.294,2026
KL Rahul,Delhi Capitals,1,1,0,1,0,0,0,1,0,0,0,1,0,0,0,0,1,0.0,,0.0,,,pp_strike_rate,0.067,1.0,0.0,0.0,0.0,1.0,2026
Kagiso Rabada,Gujarat Titans,4,4,47,38,5,2,2,2,23,0,0,0,21,18,26,20,17,123.68,23.5,,116.67,130.0,death_strike_rate,0.408,9.5,0.184,0.053,0.132,0.447,2026
Kartik Sharma,Chennai Super Kings,11,11,295,216,24,16,9,2,71,0,31,23,187,149,77,44,84,136.57,32.78,134.78,125.5,175.0,death_strike_rate,1.0,19.64,0.185,0.074,0.111,0.389,2026
Kartik Tyagi,Kolkata Knight Riders,3,3,11,10,1,1,3,0,6,1,0,0,4,2,7,8,7,110.0,3.67,,200.0,87.5,mid_strike_rate,0.229,3.33,0.2,0.1,0.1,0.7,2026
Karun Nair,Delhi Capitals,2,2,18,18,3,0,2,0,13,0,6,9,12,9,0,0,10,100.0,9.0,66.67,133.33,,mid_strike_rate,0.2,9.0,0.167,0.0,0.167,0.556,2026
Krish Bhagat,Mumbai Indians,2,2,10,21,0,0,1,1,7,0,0,0,4,8,6,13,12,47.62,10.0,,50.0,46.15,mid_strike_rate,0.212,10.5,0.0,0.0,0.0,0.571,2026
Krunal Pandya,Royal Challengers Bengaluru,9,9,226,155,20,11,5,4,73,0,9,10,123,89,94,56,53,145.81,45.2,90.0,138.2,167.86,death_strike_rate,1.0,17.22,0.2,0.071,0.129,0.342,2026
Kuldeep Yadav,Delhi Capitals,4,4,9,21,0,0,2,2,4,0,0,0,3,8,6,13,12,42.86,4.5,,37.5,46.15,death_strike_rate,0.338,5.25,0.0,0.0,0.0,0.571,2026
Kumar Kushagra,Gujarat Titans,1,1,18,14,3,0,1,0,18,0,17,12,1,2,0,0,6,128.57,18.0,141.67,50.0,,pp_strike_rate,0.121,14.0,0.214,0.0,0.214,0.429,2026
Kyle Jamieson,Delhi Capitals,1,1,12,13,1,1,1,0,12,0,0,0,12,13,0,0,9,92.31,12.0,,92.31,,mid_strike_rate,0.117,13.0,0.154,0.077,0.077,0.692,2026
Lhuan-dre Pretorius,Rajasthan Royals,2,2,7,8,0,0,1,1,7,1,0,2,2,2,5,4,3,87.5,7.0,0.0,100.0,125.0,death_strike_rate,0.158,4.0,0.0,0.0,0.0,0.375,2026
Liam Livingstone,Sunrisers Hyderabad,2,2,15,25,0,1,2,0,14,0,12,16,2,4,1,5,17,60.0,7.5,75.0,50.0,20.0,pp_strike_rate,0.229,12.5,0.04,0.04,0.0,0.68,2026
Lungi Ngidi,Delhi Capitals,3,3,4,7,0,0,2,1,3,1,0,0,0,0,4,7,3,57.14,2.0,,,57.14,death_strike_rate,0.217,2.33,0.0,0.0,0.0,0.429,2026
Madhav Tiwari,Delhi Capitals,1,1,18,8,2,1,0,1,18,0,0,0,0,0,18,8,1,225.0,,,,225.0,death_strike_rate,0.096,8.0,0.375,0.125,0.25,0.125,2026
Manish Pandey,Kolkata Knight Riders,2,2,70,49,8,2,2,0,45,0,29,20,41,29,0,0,15,142.86,35.0,145.0,141.38,,pp_strike_rate,0.329,24.5,0.204,0.041,0.163,0.306,2026
Marco Jansen,Punjab Kings,5,5,51,45,1,3,4,1,20,0,0,0,4,7,47,38,16,113.33,12.75,,57.14,123.68,death_strike_rate,0.5,9.0,0.089,0.067,0.022,0.356,2026
Marcus Stoinis,Punjab Kings,9,9,216,120,23,11,6,3,62,1,22,10,71,54,123,56,34,180.0,36.0,220.0,131.48,219.64,pp_strike_rate,1.0,13.33,0.283,0.092,0.192,0.283,2026
Matt Henry,Chennai Super Kings,2,2,7,10,1,0,2,0,5,0,0,0,5,5,2,5,6,70.0,3.5,,100.0,40.0,mid_strike_rate,0.167,5.0,0.1,0.0,0.1,0.6,2026
Matthew Short,Chennai Super Kings,3,3,60,51,6,1,3,0,34,0,31,25,29,25,0,1,19,117.65,20.0,124.0,116.0,0.0,pp_strike_rate,0.4,17.0,0.137,0.02,0.118,0.373,2026
Mayank Yadav,Lucknow Super Giants,1,1,5,5,1,0,1,0,5,0,0,0,0,0,5,5,3,100.0,5.0,,,100.0,death_strike_rate,0.083,5.0,0.2,0.0,0.2,0.6,2026
Mitchell Marsh,Lucknow Super Giants,13,13,563,345,51,36,12,1,111,0,321,188,210,135,32,22,124,163.19,46.92,170.74,155.56,145.45,pp_strike_rate,1.0,26.54,0.252,0.104,0.148,0.359,2026
Mitchell Santner,Mumbai Indians,2,2,26,19,3,0,0,2,18,0,0,0,0,0,26,19,3,136.84,,,,136.84,death_strike_rate,0.204,9.5,0.158,0.0,0.158,0.158,2026
Mitchell Starc,Delhi Capitals,1,1,0,2,0,0,1,0,0,1,0,0,0,0,0,2,2,0.0,0.0,,,0.0,death_strike_rate,0.071,2.0,0.0,0.0,0.0,1.0,2026
Mohammed Shami,Lucknow Super Giants,7,7,31,22,2,3,5,2,12,2,0,0,1,1,30,21,12,140.91,6.2,,100.0,142.86,death_strike_rate,0.529,3.14,0.227,0.136,0.091,0.545,2026
Mohammed Siraj,Gujarat Titans,2,2,5,16,1,0,2,0,5,1,0,0,5,10,0,6,14,31.25,2.5,,50.0,0.0,mid_strike_rate,0.192,8.0,0.062,0.0,0.062,0.875,2026
Mohsin Khan,Lucknow Super Giants,2,2,0,4,0,0,2,0,0,2,0,0,0,0,0,4,4,0.0,0.0,,,0.0,death_strike_rate,0.142,2.0,0.0,0.0,0.0,1.0,2026
Mukesh Choudhary,Chennai Super Kings,1,1,2,2,0,0,0,1,2,0,0,0,2,2,0,0,1,100.0,,,100.0,,mid_strike_rate,0.071,2.0,0.0,0.0,0.0,0.5,2026
Mukul Choudhary,Lucknow Super Giants,10,10,170,120,11,12,6,4,54,0,0,0,55,43,115,77,48,141.67,28.33,,127.91,149.35,death_strike_rate,1.0,12.0,0.192,0.1,0.092,0.4,2026
Naman Dhir,Mumbai Indians,14,14,318,216,31,13,12,2,57,2,92,66,177,119,49,31,68,147.22,26.5,139.39,148.74,158.06,death_strike_rate,1.0,15.43,0.204,0.06,0.144,0.315,2026
Nandre Burger,Rajasthan Royals,3,3,14,9,0,1,1,2,10,0,0,0,0,0,14,9,2,155.56,14.0,,,155.56,death_strike_rate,0.225,3.0,0.111,0.111,0.0,0.222,2026
Natarajan,Delhi Capitals,1,1,1,2,0,0,0,1,1,0,0,0,0,0,1,2,1,50.0,,,,50.0,death_strike_rate,0.071,2.0,0.0,0.0,0.0,0.5,2026
Nehal Wadhera,Punjab Kings,6,6,65,57,4,4,6,0,25,1,0,4,44,39,21,14,25,114.04,10.83,0.0,112.82,150.0,death_strike_rate,0.612,9.5,0.14,0.07,0.07,0.439,2026
Nicholas Pooran,Lucknow Super Giants,14,15,234,184,11,19,14,1,63,1,49,38,144,131,41,15,86,127.17,16.71,128.95,109.92,273.33,death_strike_rate,1.0,13.14,0.163,0.103,0.06,0.467,2026
Nishant Sindhu,Gujarat Titans,5,5,63,50,7,2,5,0,22,0,29,23,34,27,0,0,22,126.0,12.6,126.09,125.93,,pp_strike_rate,0.521,10.0,0.18,0.04,0.14,0.44,2026
Nitish Rana,Delhi Capitals,9,9,225,149,27,10,9,0,91,1,71,67,135,74,19,8,60,151.01,25.0,105.97,182.43,237.5,death_strike_rate,1.0,16.56,0.248,0.067,0.181,0.403,2026
Nitish Reddy,Sunrisers Hyderabad,13,13,302,176,19,21,10,3,56,0,4,10,162,103,136,63,48,171.59,30.2,40.0,157.28,215.87,death_strike_rate,1.0,13.54,0.227,0.119,0.108,0.273,2026
Noor Ahmad,Chennai Super Kings,4,4,11,23,0,1,3,1,8,0,0,0,2,14,9,9,17,47.83,3.67,,14.29,100.0,death_strike_rate,0.346,5.75,0.043,0.043,0.0,0.739,2026
Pat Cummins,Sunrisers Hyderabad,3,3,30,19,1,3,3,0,19,0,0,0,20,11,10,8,8,157.89,10.0,,181.82,125.0,mid_strike_rate,0.267,6.33,0.211,0.158,0.053,0.421,2026
Pathum Nissanka,Delhi Capitals,10,10,277,175,33,12,9,1,62,0,234,139,43,36,0,0,65,158.29,30.78,168.35,119.44,,pp_strike_rate,1.0,17.5,0.257,0.069,0.189,0.371,2026
Phil Salt,Royal Challengers Bengaluru,6,6,202,120,16,11,6,0,78,1,118,75,84,45,0,0,38,168.33,33.67,157.33,186.67,,mid_strike_rate,0.875,20.0,0.225,0.092,0.133,0.317,2026
Prabhsimran Singh,Punjab Kings,13,13,510,302,55,23,12,1,80,1,280,168,229,133,1,1,91,168.87,42.5,166.67,172.18,100.0,mid_strike_rate,1.0,23.23,0.258,0.076,0.182,0.301,2026
Praful Hinge,Sunrisers Hyderabad,2,2,3,9,0,0,1,1,3,0,0,0,3,8,0,1,7,33.33,3.0,,37.5,0.0,mid_strike_rate,0.162,4.5,0.0,0.0,0.0,0.778,2026
Prashant Veer,Chennai Super Kings,5,5,91,67,10,3,2,3,43,0,0,0,43,28,48,39,24,135.82,45.5,,153.57,123.08,mid_strike_rate,0.592,13.4,0.194,0.045,0.149,0.358,2026
Prasidh Krishna,Gujarat Titans,1,1,6,7,1,0,0,1,6,0,0,0,0,0,6,7,4,85.71,,,,85.71,death_strike_rate,0.092,7.0,0.143,0.0,0.143,0.571,2026
Prince Yadav,Lucknow Super Giants,1,1,0,1,0,0,0,1,0,0,0,0,0,0,0,1,1,0.0,,,,0.0,death_strike_rate,0.067,1.0,0.0,0.0,0.0,1.0,2026
Priyansh Arya,Punjab Kings,13,13,364,172,27,32,13,0,93,2,294,137,70,35,0,0,57,211.63,28.0,214.6,200.0,,pp_strike_rate,1.0,13.23,0.343,0.186,0.157,0.331,2026
Quinton de Kock,Mumbai Indians,3,3,132,81,9,9,2,1,112,0,35,32,67,36,30,13,26,162.96,66.0,109.38,186.11,230.77,death_strike_rate,0.525,27.0,0.222,0.111,0.111,0.321,2026
Rahul,Delhi Capitals,14,14,593,339,56,31,13,1,152,1,241,159,284,150,68,30,88,174.93,45.62,151.57,189.33,226.67,death_strike_rate,1.0,24.21,0.257,0.091,0.165,0.26,2026
Rahul Tewatia,Gujarat Titans,15,15,190,132,20,8,7,8,68,1,0,2,79,58,111,72,47,143.94,27.14,0.0,136.21,154.17,death_strike_rate,1.0,8.8,0.212,0.061,0.152,0.356,2026
Raj Bawa,Mumbai Indians,1,1,16,14,1,0,1,0,16,0,0,0,0,0,16,14,6,114.29,16.0,,,114.29,death_strike_rate,0.121,14.0,0.071,0.0,0.071,0.429,2026
Rajat Patidar,Royal Challengers Bengaluru,14,14,500,259,30,42,12,2,93,0,37,43,321,159,142,57,68,193.05,41.67,86.05,201.89,249.12,death_strike_rate,1.0,18.5,0.278,0.162,0.116,0.263,2026
Ramandeep Singh,Kolkata Knight Riders,6,6,82,68,8,2,5,1,35,0,0,0,31,40,51,28,24,120.59,16.4,,77.5,182.14,death_strike_rate,0.658,11.33,0.147,0.029,0.118,0.353,2026
Rashid Khan,Gujarat Titans,6,6,50,41,4,2,4,2,24,0,0,0,19,21,31,20,17,121.95,12.5,,90.48,155.0,death_strike_rate,0.546,6.83,0.146,0.049,0.098,0.415,2026
Rasikh Salam Dar,Royal Challengers Bengaluru,1,1,3,2,0,0,0,1,3,0,0,0,0,0,3,2,0,150.0,,,,150.0,death_strike_rate,0.071,2.0,0.0,0.0,0.0,0.0,2026
Ravi Bishnoi,Rajasthan Royals,2,2,0,3,0,0,2,0,0,2,0,0,0,0,0,3,3,0.0,0.0,,,0.0,death_strike_rate,0.138,1.5,0.0,0.0,0.0,1.0,2026
Ravi Singh,Rajasthan Royals,1,1,4,2,1,0,1,0,4,0,0,0,4,2,0,0,1,200.0,4.0,,200.0,,mid_strike_rate,0.071,2.0,0.5,0.0,0.5,0.5,2026
Ravindra Jadeja,Rajasthan Royals,11,11,266,197,24,5,4,7,45,0,53,22,109,101,104,74,56,135.03,66.5,240.91,107.92,140.54,pp_strike_rate,1.0,17.91,0.147,0.025,0.122,0.284,2026
Rinku Singh,Kolkata Knight Riders,11,12,299,199,28,11,5,7,83,1,4,1,112,103,183,95,56,150.25,59.8,400.0,108.74,192.63,pp_strike_rate,1.0,18.09,0.196,0.055,0.141,0.281,2026
Rishabh Pant,Lucknow Super Giants,13,14,313,228,30,11,9,5,68,1,49,52,169,130,95,46,78,137.28,34.78,94.23,130.0,206.52,death_strike_rate,1.0,17.54,0.18,0.048,0.132,0.342,2026
Riyan Parag,Rajasthan Royals,14,14,309,196,24,21,13,1,90,0,53,40,242,146,14,10,75,157.65,23.77,132.5,165.75,140.0,mid_strike_rate,1.0,14.0,0.23,0.107,0.122,0.383,2026
Robin Minz,Mumbai Indians,2,2,6,4,1,0,1,1,5,0,0,0,0,0,6,4,1,150.0,6.0,,,150.0,death_strike_rate,0.142,2.0,0.25,0.0,0.25,0.25,2026
Rohit Sharma,Mumbai Indians,9,9,283,180,21,21,9,0,84,1,180,118,103,62,0,0,71,157.22,31.44,152.54,166.13,,mid_strike_rate,1.0,20.0,0.233,0.117,0.117,0.394,2026
Romario Shepherd,Royal Challengers Bengaluru,7,7,83,66,6,5,4,3,23,0,0,0,49,33,34,33,27,125.76,20.75,,148.48,103.03,mid_strike_rate,0.712,9.43,0.167,0.076,0.091,0.409,2026
Rovman Powell,Kolkata Knight Riders,7,7,191,142,16,10,4,3,40,0,16,14,103,87,72,41,53,134.51,47.75,114.29,118.39,175.61,death_strike_rate,0.938,20.29,0.183,0.07,0.113,0.373,2026
Ruturaj Gaikwad,Chennai Super Kings,14,14,337,273,29,12,12,2,74,0,198,153,106,102,33,18,104,123.44,28.08,129.41,103.92,183.33,death_strike_rate,1.0,19.5,0.15,0.044,0.106,0.381,2026
Ryan Rickelton,Mumbai Indians,12,12,448,240,31,38,11,1,123,0,257,149,167,78,24,13,84,186.67,40.73,172.48,214.1,184.62,mid_strike_rate,1.0,20.0,0.288,0.158,0.129,0.35,2026
Sahil Parakh,Delhi Capitals,4,4,46,33,5,2,4,0,24,1,24,14,22,19,0,0,14,139.39,11.5,171.43,115.79,,pp_strike_rate,0.388,8.25,0.212,0.061,0.152,0.424,2026
Sai Sudharsan,Gujarat Titans,17,17,722,458,75,30,16,1,100,1,347,244,299,179,76,35,143,157.64,45.12,142.21,167.04,217.14,death_strike_rate,1.0,26.94,0.229,0.066,0.164,0.312,2026
Sakib Hussain,Sunrisers Hyderabad,1,1,5,7,1,0,0,1,5,0,0,0,0,0,5,7,5,71.43,,,,71.43,death_strike_rate,0.092,7.0,0.143,0.0,0.143,0.714,2026
Salil Arora,Sunrisers Hyderabad,11,11,156,98,11,11,7,4,35,1,2,1,66,49,88,48,34,159.18,22.29,200.0,134.69,183.33,pp_strike_rate,0.908,8.91,0.224,0.112,0.112,0.347,2026
Sameer Rizvi,Delhi Capitals,9,9,252,171,15,17,7,2,90,2,9,21,180,116,63,34,62,147.37,36.0,42.86,155.17,185.29,death_strike_rate,1.0,19.0,0.187,0.099,0.088,0.363,2026
Sanju Samson,Chennai Super Kings,14,14,475,287,53,24,11,3,115,1,239,156,166,96,70,35,99,165.51,43.18,153.21,172.92,200.0,death_strike_rate,1.0,20.5,0.268,0.084,0.185,0.345,2026
Sarfaraz Khan,Chennai Super Kings,7,7,161,95,23,6,7,0,50,1,83,44,51,41,27,10,37,169.47,23.0,188.64,124.39,270.0,death_strike_rate,0.833,13.57,0.305,0.063,0.242,0.389,2026
Saurabh Dubey,Kolkata Knight Riders,1,1,4,2,1,0,0,1,4,0,0,0,0,0,4,2,1,200.0,,,,200.0,death_strike_rate,0.071,2.0,0.5,0.0,0.5,0.5,2026
Shahbaz Ahmed,Lucknow Super Giants,2,2,58,41,4,3,0,2,43,0,0,0,9,10,49,31,12,141.46,,,90.0,158.06,death_strike_rate,0.296,20.5,0.171,0.073,0.098,0.293,2026
Shahrukh Khan,Gujarat Titans,5,5,43,33,3,2,3,2,17,0,0,0,36,25,7,8,11,130.3,14.33,,144.0,87.5,mid_strike_rate,0.45,6.6,0.152,0.061,0.091,0.333,2026
Shardul Thakur,Mumbai Indians,3,3,24,30,2,0,2,1,10,0,0,0,11,13,13,17,13,80.0,12.0,,84.62,76.47,mid_strike_rate,0.312,10.0,0.067,0.0,0.067,0.433,2026
Shashank Singh,Punjab Kings,9,9,132,70,11,8,6,3,56,1,0,0,44,27,88,43,16,188.57,22.0,,162.96,204.65,death_strike_rate,0.792,7.78,0.271,0.114,0.157,0.229,2026
Sherfane Rutherford,Mumbai Indians,7,7,123,75,5,12,5,2,71,1,0,0,54,39,69,36,29,164.0,24.6,,138.46,191.67,death_strike_rate,0.75,10.71,0.227,0.16,0.067,0.387,2026
Shimron Hetmyer,Rajasthan Royals,7,7,78,69,5,3,6,1,22,1,8,10,47,40,23,19,29,113.04,13.0,80.0,117.5,121.05,death_strike_rate,0.725,9.86,0.116,0.043,0.072,0.42,2026
Shivam Dube,Chennai Super Kings,12,12,270,170,24,15,7,5,47,0,1,1,138,88,131,81,57,158.82,38.57,100.0,156.82,161.73,death_strike_rate,1.0,14.17,0.229,0.088,0.141,0.335,2026
Shivang Kumar,Sunrisers Hyderabad,6,6,53,46,6,1,6,0,27,0,0,0,12,17,41,29,19,115.22,8.83,,70.59,141.38,death_strike_rate,0.567,7.67,0.152,0.022,0.13,0.413,2026
Shreyas Iyer,Punjab Kings,13,13,498,294,39,30,9,4,101,0,57,41,290,182,151,71,78,169.39,55.33,139.02,159.34,212.68,death_strike_rate,1.0,22.62,0.235,0.102,0.133,0.265,2026
Shubham Dubey,Rajasthan Royals,6,6,81,58,8,3,4,2,31,0,0,0,21,17,60,41,20,139.66,20.25,,123.53,146.34,death_strike_rate,0.617,9.67,0.19,0.052,0.138,0.345,2026
Shubman Gill,Gujarat Titans,16,16,732,449,74,33,15,1,104,0,330,209,365,215,37,25,139,163.03,48.8,157.89,169.77,148.0,mid_strike_rate,1.0,28.06,0.238,0.073,0.165,0.31,2026
Smaran Ravichandran,Sunrisers Hyderabad,4,4,19,25,3,0,3,1,9,0,10,19,4,4,5,2,15,76.0,6.33,52.63,100.0,250.0,death_strike_rate,0.354,6.25,0.12,0.0,0.12,0.6,2026
Spencer Johnson,Chennai Super Kings,1,1,0,1,0,0,1,0,0,1,0,0,0,1,0,0,1,0.0,0.0,,0.0,,mid_strike_rate,0.067,1.0,0.0,0.0,0.0,1.0,2026
Sunil Narine,Kolkata Knight Riders,4,4,40,32,2,4,3,1,24,1,24,17,12,4,4,11,19,125.0,13.33,141.18,300.0,36.36,mid_strike_rate,0.383,8.0,0.188,0.125,0.062,0.594,2026
Suryakumar Yadav,Mumbai Indians,13,13,270,183,28,10,13,0,60,2,81,54,176,117,13,12,59,147.54,20.77,150.0,150.43,108.33,mid_strike_rate,1.0,14.08,0.208,0.055,0.153,0.322,2026
Suryansh Shedge,Punjab Kings,7,7,158,90,9,12,4,3,57,0,16,9,102,59,40,22,25,175.56,39.5,177.78,172.88,181.82,death_strike_rate,0.812,12.86,0.233,0.133,0.1,0.278,2026
Sushant Mishra,Rajasthan Royals,1,1,1,3,0,0,0,1,1,0,0,0,0,0,1,3,2,33.33,,,,33.33,death_strike_rate,0.075,3.0,0.0,0.0,0.0,0.667,2026
Tejasvi Dahiya,Kolkata Knight Riders,2,2,12,15,2,0,2,0,11,0,0,0,1,3,11,12,9,80.0,6.0,,33.33,91.67,death_strike_rate,0.188,7.5,0.133,0.0,0.133,0.6,2026
Tilak Varma,Mumbai Indians,14,14,359,246,30,17,12,2,101,1,41,45,164,141,154,60,78,145.93,29.92,91.11,116.31,256.67,death_strike_rate,1.0,17.57,0.191,0.069,0.122,0.317,2026
Tim David,Royal Challengers Bengaluru,15,15,305,162,22,23,9,6,70,1,0,0,138,84,167,78,43,188.27,33.89,,164.29,214.1,death_strike_rate,1.0,10.8,0.278,0.142,0.136,0.265,2026
Tim Seifert,Kolkata Knight Riders,3,3,19,18,2,1,3,0,19,2,19,18,0,0,0,0,10,105.56,6.33,105.56,,,pp_strike_rate,0.262,6.0,0.167,0.056,0.111,0.556,2026
Travis Head,Sunrisers Hyderabad,15,15,410,241,46,23,15,0,76,1,337,198,73,43,0,0,96,170.12,27.33,170.2,169.77,,pp_strike_rate,1.0,16.07,0.286,0.095,0.191,0.398,2026
Trent Boult,Mumbai Indians,2,2,8,4,0,1,1,1,7,0,0,0,1,2,7,2,1,200.0,8.0,,50.0,350.0,death_strike_rate,0.142,2.0,0.25,0.25,0.0,0.25,2026
Tristan Stubbs,Delhi Capitals,13,13,275,216,18,9,6,7,60,0,28,28,140,113,107,75,62,127.31,45.83,100.0,123.89,142.67,death_strike_rate,1.0,16.62,0.125,0.042,0.083,0.287,2026
Tushar Deshpande,Rajasthan Royals,2,2,26,14,0,3,2,0,25,0,0,0,0,1,26,13,5,185.71,13.0,,0.0,200.0,death_strike_rate,0.183,7.0,0.214,0.214,0.0,0.357,2026
Urvil Patel,Chennai Super Kings,7,7,129,64,6,14,7,0,65,1,102,47,27,17,0,0,27,201.56,18.43,217.02,158.82,,pp_strike_rate,0.704,9.14,0.312,0.219,0.094,0.422,2026
Vaibhav Arora,Kolkata Knight Riders,2,2,1,3,0,0,0,2,1,0,0,0,0,0,1,3,2,33.33,,,,33.33,death_strike_rate,0.138,1.5,0.0,0.0,0.0,0.667,2026
Vaibhav Sooryavanshi,Rajasthan Royals,16,16,776,327,63,72,16,0,103,1,521,223,226,94,29,10,108,237.31,48.5,233.63,240.43,290.0,death_strike_rate,1.0,20.44,0.413,0.22,0.193,0.33,2026
Varun Chakaravarthy,Kolkata Knight Riders,2,2,5,6,1,0,2,0,5,1,0,0,0,0,5,6,4,83.33,2.5,,,83.33,death_strike_rate,0.15,3.0,0.167,0.0,0.167,0.667,2026
Venkatesh Iyer,Royal Challengers Bengaluru,6,6,209,112,21,13,4,2,73,0,95,42,41,25,73,45,38,186.61,52.25,226.19,164.0,162.22,pp_strike_rate,0.842,18.67,0.304,0.116,0.188,0.339,2026
Vijaykumar Vyshak,Punjab Kings,2,2,2,4,0,0,0,2,1,0,0,0,0,0,2,4,2,50.0,,,,50.0,death_strike_rate,0.142,2.0,0.0,0.0,0.0,0.5,2026
Vipraj Nigam,Delhi Capitals,2,2,15,10,2,0,1,1,12,0,0,0,0,0,15,10,2,150.0,15.0,,,150.0,death_strike_rate,0.167,5.0,0.2,0.0,0.2,0.2,2026
Virat Kohli,Royal Challengers Bengaluru,16,16,675,408,73,25,12,4,105,2,360,206,249,175,66,27,107,165.44,56.25,174.76,142.29,244.44,death_strike_rate,1.0,25.5,0.24,0.061,0.179,0.262,2026
Vishnu Vinod,Punjab Kings,1,1,15,8,1,1,0,1,15,0,0,0,0,0,15,8,2,187.5,,,,187.5,death_strike_rate,0.096,8.0,0.25,0.125,0.125,0.25,2026
Washington Sundar,Gujarat Titans,16,16,377,251,40,12,10,6,55,0,20,13,158,123,199,115,70,150.2,37.7,153.85,128.46,173.04,death_strike_rate,1.0,15.69,0.207,0.048,0.159,0.279,2026
Will Jacks,Mumbai Indians,7,7,139,76,12,9,5,2,46,0,48,27,47,30,44,19,22,182.89,27.8,177.78,156.67,231.58,death_strike_rate,0.754,10.86,0.276,0.118,0.158,0.289,2026
Xavier Bartlett,Punjab Kings,3,3,29,13,2,2,1,2,18,1,0,0,0,0,29,13,3,223.08,29.0,,,223.08,death_strike_rate,0.242,4.33,0.308,0.154,0.154,0.231,2026
Yashasvi Jaiswal,Rajasthan Royals,16,16,426,279,52,18,14,2,77,0,302,188,124,91,0,0,111,152.69,30.43,160.64,136.26,,pp_strike_rate,1.0,17.44,0.251,0.065,0.186,0.398,2026
