player_id,player_name,bat_style,bowl_style,field_pos,player_full_name,lookup_name,lookup_full_name
963,MN Samuels,Right hand Bat,Right arm Offbreak, ,Marlon Nathaniel Samuels,mn samuels,marlon nathaniel samuels
53,SB Jakati,Left hand Bat,Slow Left arm Orthodox, ,Shadab Bashir Jakati,sb jakati,shadab bashir jakati
12,DA Warner,Left hand Bat,Legbreak, ,David Andrew Warner,da warner,david andrew warner
268,RA Tripathi,Right hand Bat,Right arm Medium, ,Rahul Ajay Tripathi,ra tripathi,rahul ajay tripathi
186,S Nadeem,Right hand Bat,Slow Left arm Orthodox, ,Shahbaz Nadeem,s nadeem,shahbaz nadeem
59,MK Pandey,Right hand Bat,Right arm Medium, ,Manish Krishnanand Pandey,mk pandey,manish krishnanand pandey
531,KS Williamson,Right hand Bat,Right arm Offbreak, ,Kane Stuart Williamson,ks williamson,kane stuart williamson
56,G Gambhir,Left hand Bat,Legbreak, ,Gautam Gambhir,g gambhir,gautam gambhir
39,MK Tiwary,Right hand Bat,Legbreak Googly, ,Manoj Kumar Tiwary,mk tiwary,manoj kumar tiwary
68,M Vohra,Right hand Bat,Right arm Medium, ,Manan Vohra,m vohra,manan vohra
638,NB Singh,Right hand Bat,Right arm Medium, ,Nathu Bharat Singh,nb singh,nathu bharat singh
40,R Bhatia,Right hand Bat,Right arm Medium fast, ,Rajat Bhatia,r bhatia,rajat bhatia
1233,SS Tiwary,Left hand Bat, , ,Saurabh Sunil Tiwary,ss tiwary,saurabh sunil tiwary
1396,MA Wood,Right hand Bat,Right arm Fast, ,Mark Andrew Wood,ma wood,mark andrew wood
47,SK Raina,Left hand Bat,Right arm Offbreak, ,Suresh Kumar Raina,sk raina,suresh kumar raina
1242,R Vinay Kumar,Right hand Bat,Right arm Medium, ,Ranganath Vinay Kumar,r vinay kumar,ranganath vinay kumar
541,SE Marsh,Left hand Bat,Slow Left arm Orthodox, ,Shaun Edward Marsh,se marsh,shaun edward marsh
6,Sachin Baby,Left hand Bat,Right arm Offbreak, ,Sachin Baby,sachin baby,sachin baby
525,J Yadav,Right hand Bat,Right arm Offbreak, ,Jayant Yadav,j yadav,jayant yadav
63,PP Chawla,Left hand Bat,Legbreak, ,Piyush Pramod Chawla,pp chawla,piyush pramod chawla
36,SPD Smith,Right hand Bat,Legbreak Googly, ,Steven Peter Devereux Smith,spd smith,steven peter devereux smith
55,S Kaushik,Right hand Bat,Left arm Wrist spin, ,Shivil Kaushik,s kaushik,shivil kaushik
52,P Kumar,Right hand Bat,Right arm Medium, ,Praveenkumar Sakat Singh,p kumar,praveenkumar sakat singh
1429,K Khejroliya,Left hand Bat,Left arm Medium fast, ,Kulwant Khejroliya,k khejroliya,kulwant khejroliya
32,MJ McClenaghan,Left hand Bat,Left arm Fast medium, ,Mitchell John McClenaghan,mj mcclenaghan,mitchell john mcclenaghan
457,AD Mathews,Right hand Bat,Right arm Medium, ,Angelo Davis Mathews,ad mathews,angelo davis mathews
45,JJ Roy,Right hand Bat, , ,Jason Jonathan Roy,jj roy,jason jonathan roy
43,AB Dinda,Right hand Bat,Right arm Medium fast, ,Ashok Bhimchandra Dinda,ab dinda,ashok bhimchandra dinda
579,Shakib Al Hasan,Left hand Bat,Slow Left arm Orthodox, ,Shakib Al Hasan,shakib al hasan,shakib al hasan
1448,K Gowtham,Right hand Bat,Right arm Offbreak, ,Krishnappa Gowtham,k gowtham,krishnappa gowtham
60,YK Pathan,Right hand Bat,Right arm Offbreak, ,Yusuf Khan Pathan,yk pathan,yusuf khan pathan
7,STR Binny,Right hand Bat,Right arm Medium, ,Stuart Terence Roger Binny,str binny,stuart terence roger binny
173,Iqbal Abdulla,Left hand Bat,Slow Left arm Orthodox, ,Sayed Iqbal Abdulla,iqbal abdulla,sayed iqbal abdulla
15,Yuvraj Singh,Left hand Bat,Slow Left arm Orthodox, ,Yuvraj Singh,yuvraj singh,yuvraj singh
74,Swapnil Singh,Right hand Bat,Slow Left arm Orthodox, ,Swapnil Singh,swapnil singh,swapnil singh
760,MJ Guptill,Right hand Bat,Right arm Offbreak, ,Martin James Guptill,mj guptill,martin james guptill
182,CH Morris,Right hand Bat,Right arm Fast medium, ,Christopher Henry Morris,ch morris,christopher henry morris
1449,S Gopal,Right hand Bat,Legbreak, ,Shreyas Gopal,s gopal,shreyas gopal
405,KC Cariappa,Right hand Bat,Legbreak, ,Konganda Charamanna Cariappa,kc cariappa,konganda charamanna cariappa
196,Basil Thampi,Right hand Bat,Right arm Fast medium, ,Basil Thampi,basil thampi,basil thampi
744,AR Bawne,Right hand Bat,Right arm Offbreak, ,Ankit Ramdas Bawne,ar bawne,ankit ramdas bawne
676,KV Sharma,Left hand Bat,Legbreak Googly, ,Karn Vinod Sharma,kv sharma,karn vinod sharma
171,Vishnu Vinod,Right hand Bat, ,Wicketkeeper,Vishnu Vinod,vishnu vinod,vishnu vinod
448,AF Milne,Right hand Bat,Right arm Fast, ,Adam Fraser Milne,af milne,adam fraser milne
359,Ankit Sharma,Left hand Bat,Slow Left arm Orthodox, ,Ankit Nagendra Sharma,ankit sharma,ankit nagendra sharma
187,Z Khan,Right hand Bat,Left arm Fast medium, ,Zaheer Khan,z khan,zaheer khan
185,A Mishra,Right hand Bat,Legbreak, ,Amit Mishra,a mishra,amit mishra
726,Ankit Soni,Right hand Bat,Legbreak, ,Ankit Soni,ankit soni,ankit soni
197,Tejas Baroka,Right hand Bat,Legbreak Googly, ,Tejas Baroka,tejas baroka,tejas baroka
5,SR Watson,Right hand Bat,Right arm Fast medium, ,Shane Robert Watson,sr watson,shane robert watson
351,AJ Tye,Right hand Bat,Right arm Medium fast, ,Andrew James Tye,aj tye,andrew james tye
1393,DJ Bravo,Right hand Bat,Right arm Medium, ,Dwayne John Bravo,dj bravo,dwayne john bravo
177,AP Tare,Right hand Bat, ,Wicketkeeper,Aditya Prakash Tare,ap tare,aditya prakash tare
7539,B Indrajith,Right hand Bat,Legbreak Googly, ,Baba Indrajith,b indrajith,baba indrajith
4063,T Banton,Right hand Bat, ,Wicketkeeper,Tom Banton,t banton,tom banton
6115,K Yadav,Left hand Bat,Left arm Fast medium, ,Kuldip Yadav,k yadav,kuldip yadav
8321,Rahmanullah Gurbaz,Right hand Bat, ,Wicketkeeper,Rahmanullah Gurbaz,rahmanullah gurbaz,rahmanullah gurbaz
1285,HV Patel,Right hand Bat,Right arm Medium, ,Harshal Vikram Patel,hv patel,harshal vikram patel
3649,AS Roy,Left hand Bat,Slow Left arm Orthodox, ,Anukul Sudhakar Roy,as roy,anukul sudhakar roy
332,V Kohli,Right hand Bat,Right arm Medium, ,Virat Kohli,v kohli,virat kohli
73,MP Stoinis,Right hand Bat,Right arm Medium, ,Marcus Peter Stoinis,mp stoinis,marcus peter stoinis
163,RD Chahar,Right hand Bat,Legbreak Googly, ,Rahul Desraj Chahar,rd chahar,rahul desraj chahar
30,HH Pandya,Right hand Bat,Right arm Medium fast, ,Hardik Himanshu Pandya,hh pandya,hardik himanshu pandya
65,SP Narine,Left hand Bat,Right arm Offbreak, ,Sunil Philip Narine,sp narine,sunil philip narine
361,LH Ferguson,Right hand Bat,Right arm Fast, ,Lachlan Hammond Ferguson,lh ferguson,lachlan hammond ferguson
1119,R Tewatia,Left hand Bat,Legbreak, ,Rahul Tewatia,r tewatia,rahul tewatia
20,B Kumar,Right hand Bat,Right arm Medium, ,Bhuvneshwar Kumar Singh,b kumar,bhuvneshwar kumar singh
22,Rashid Khan,Right hand Bat,Legbreak Googly, ,Rashid Khan Arman,rashid khan,rashid khan arman
1424,SN Khan,Right hand Bat,Legbreak, ,Sarfaraz Naushad Khan,sn khan,sarfaraz naushad khan
6761,R Shepherd,Right hand Bat,Right arm Fast medium, ,Romario Shepherd,r shepherd,romario shepherd
4960,MR Marsh,Right hand Bat,Right arm Medium, ,Mitchell Ross Marsh,mr marsh,mitchell ross marsh
70,AR Patel,Left hand Bat,Slow Left arm Orthodox, ,Axar Rajeshbhai Patel,ar patel,axar rajeshbhai patel
590,K Rabada,Left hand Bat,Right arm Fast, ,Kagiso Rabada,k rabada,kagiso rabada
72,DA Miller,Left hand Bat,Right arm Offbreak, ,David Andrew Miller,da miller,david andrew miller
41,DL Chahar,Right hand Bat,Right arm Medium, ,Deepak Lokandersingh Chahar,dl chahar,deepak lokandersingh chahar
6730,Mohsin Khan,Left hand Bat,Left arm Medium fast,,Mohsin Khan,mohsin khan,mohsin khan
460,Mohammed Shami,Right hand Bat,Right arm Fast, ,Mohammed Shami Ahmed,mohammed shami,mohammed shami ahmed
1286,Avesh Khan,Right hand Bat,Right arm Fast medium, ,Avesh Khan,avesh khan,avesh khan
28,KH Pandya,Left hand Bat,Slow Left arm Orthodox, ,Krunal Himanshu Pandya,kh pandya,krunal himanshu pandya
347,Ishan Kishan,Left hand Bat, ,Wicketkeeper,Ishan Pranav Kumar Pandey Kishan,ishan kishan,ishan pranav kumar pandey kishan
7751,SA Abbott,Right hand Bat,Right arm Fast medium, ,Sean Anthony Abbott,sa abbott,sean anthony abbott
7302,OC McCoy,Left hand Bat,Left arm Fast medium, ,Obed  Christopher McCoy,oc mccoy,obed christopher mccoy
4970,P Dubey,Right hand Bat,Legbreak Googly, ,Praveen Dubey,p dubey,praveen dubey
3451,DW Steyn,Right hand Bat,Right arm Fast, ,Dale Willem Steyn,dw steyn,dale willem steyn
5411,RP Meredith,Right hand Bat,Right arm Fast, ,Riley Patrick Meredith,rp meredith,riley patrick meredith
7895,R Sai Kishore,Left hand Bat,Slow Left arm Orthodox, ,Ravisrinivasan Sai Kishore,r sai kishore,ravisrinivasan sai kishore
1805,RK Bhui,Right hand Bat,Legbreak Googly, ,Ricky Kannakumar Bhui,rk bhui,ricky kannakumar bhui
6710,Akash Deep,Right hand Bat,Right arm Fast medium, ,Akash Deep,akash deep,akash deep
5976,KS Bharat,Right hand Bat, ,Wicketkeeper,Kona Srikar Bharat,ks bharat,kona srikar bharat
6739,A Manohar,Right hand Bat,Legbreak Googly, ,Abhinav Manohar,a manohar,abhinav manohar
7843,Fazalhaq Farooqi,Right hand Bat,Left arm Fast medium, ,Fazalhaq Farooqi,fazalhaq farooqi,fazalhaq farooqi
7083,KR Sen,Right hand Bat,Right arm Fast, ,Kuldeep Rampal Sen,kr sen,kuldeep rampal sen
5629,FA Allen,Right hand Bat,Slow Left arm Orthodox, ,Fabian Anthony Allen,fa allen,fabian anthony allen
5935,Anuj Rawat,Left hand Bat, , ,Anuj Rawat,anuj rawat,anuj rawat
7017,M Theekshana,Right hand Bat,Right arm Offbreak, ,Morawakage Maheesh Theekshana,m theekshana,morawakage maheesh theekshana
2142,DJ Willey,Left hand Bat,Left arm Fast medium, ,David Jonathan Willey,dj willey,david jonathan willey
1849,PP Shaw,Right hand Bat,Right arm Offbreak, ,Prithvi Pankaj Shaw,pp shaw,prithvi pankaj shaw
6017,Umran Malik,Right hand Bat,Right arm Fast, ,Umran Malik,umran malik,umran malik
2295,SP Goswami,Left hand Bat, ,Wicketkeeper,Shreevats Pratyush Goswami,sp goswami,shreevats pratyush goswami
3156,HF Gurney,Right hand Bat,Left arm Fast medium, ,Harry Frederick Gurney,hf gurney,harry frederick gurney
2743,CA Ingram,Left hand Bat,Legbreak,Wicketkeeper,Colin Alexander Ingram,ca ingram,colin alexander ingram
3214,SD Lad,Right hand Bat,Right arm Offbreak, ,Siddhesh Dinesh Lad,sd lad,siddhesh dinesh lad
8305,J Little,Right hand Bat,Left arm Fast medium, ,Joshua Brian Little,j little,joshua brian little
8007,M Pathirana,Right hand Bat,Right arm Fast, ,Matheesha Pathirana,m pathirana,matheesha pathirana
3145,S Midhun,Right hand Bat,Legbreak Googly, ,Sudhesan Midhun,s midhun,sudhesan midhun
2353,CJ Dala,Right hand Bat,Right arm Medium, ,Carl Junior Dala,cj dala,carl junior dala
4097,PK Garg,Right hand Bat,Right arm Medium, ,Priyam K Garg,pk garg,priyam k garg
7192,Aman Hakim Khan,Right hand Bat,Right arm Medium, ,Aman Hakim Khan,aman hakim khan,aman hakim khan
6734,MS Wade,Left hand Bat,Right arm Medium,Wicketkeeper,Matthew Scott Wade,ms wade,matthew scott wade
4134,KL Nagarkoti,Right hand Bat,Right arm Fast, ,Kamlesh Lachham Nagarkoti,kl nagarkoti,kamlesh lachham nagarkoti
4320,DR Sams,Right hand Bat,Left arm Fast medium, ,Daniel Richard Sams,dr sams,daniel richard sams
7496,DJ Mitchell,Right hand Bat,Right arm Medium, ,Daryl Joseph Mitchell,dj mitchell,daryl joseph mitchell
5422,C Sakariya,Left hand Bat,Left arm Medium fast, ,Chetan Sakariya,c sakariya,chetan sakariya
2352,S Lamichhane,Right hand Bat,Legbreak Googly, ,Sandeep Lamichhane,s lamichhane,sandeep lamichhane
2910,GH Vihari,Right hand Bat,Right arm Offbreak, ,Gade Hanuma Vihari,gh vihari,gade hanuma vihari
8349,RR Rossouw,Left hand Bat,Right arm Offbreak, ,Rilee Roscoe Rossouw,rr rossouw,rilee roscoe rossouw
8333,KR Mayers,Left hand Bat,Right arm Medium, ,Kyle Rico Mayers,kr mayers,kyle rico mayers
5573,LI Meriwala,Left hand Bat,Left arm Fast medium, ,Lukman Iqbal Meriwala,li meriwala,lukman iqbal meriwala
2894,NS Naik,Right hand Bat, ,Wicketkeeper,Nikhil Shankar Naik,ns naik,nikhil shankar naik
8191,PN Mankad,Right hand Bat,Right arm Medium, ,Prerak Nileshkumar Mankad,pn mankad,prerak nileshkumar mankad
7621,K Kartikeya,Right hand Bat,"Slow Left arm Orthodox, Left arm Wrist spin", ,Kumar Kartikeya Singh,k kartikeya,kumar kartikeya singh
6520,AU Rashid,Right hand Bat,Legbreak, ,Adil Usman Rashid,au rashid,adil usman rashid
6519,IC Porel,Right hand Bat,Right arm Medium, ,Ishan Chandranath Porel,ic porel,ishan chandranath porel
5526,Virat Singh,Left hand Bat,Legbreak Googly, ,Virat Binod Singh,virat singh,virat binod singh
5181,Monu Kumar,Right hand Bat,Right arm Medium, ,Monu Kumar Singh,monu kumar,monu kumar singh
10159,SH Johnson,Left hand Bat,Left arm Fast,,Spencer Johnson,sh johnson,spencer johnson
11192,AA Kulkarni,Right hand Bat,Right arm Medium,,Arshin Kulkarni,aa kulkarni,arshin kulkarni
10169,SZ Mulani,Left hand Bat,Slow Left arm Orthodox,,Shams Mulani,sz mulani,shams mulani
11212,RJ Gleeson,Right hand Bat,Right arm Fast Medium,,Richard Gleeson,rj gleeson,richard gleeson
11429,V Kaverappa,Right hand Bat,Right arm Fast medium,,Vidhwath Kaverappa,v kaverappa,vidhwath kaverappa
10232,KT Maphaka,Left hand Bat,Left arm Fast,,Kwena Maphaka,kt maphaka,kwena maphaka
8808,D Jansen,Right hand Bat,Left arm Fast,,Duan Jansen,d jansen,duan jansen
10065,R Ravindra,Left hand Bat,Slow Left arm Orthodox,,Rachin Ravindra,r ravindra,rachin ravindra
10083,Sumit Kumar,Right hand Bat,Right arm Medium fast,,Sumit Kumar,sumit kumar,sumit kumar
10488,Saurav Chauhan,Left hand Bat,Right arm Offbreak,,Saurav Chauhan,saurav chauhan,saurav chauhan
6729,PVD Chameera,Right hand Bat,Right arm Fast, ,Pathira Vasan Dushmantha Chameera,pvd chameera,pathira vasan dushmantha chameera
10135,N Burger,Left hand Bat,Left arm Fast medium,,Nandre Burger,n burger,nandre burger
6798,Mukesh Choudhary,Left hand Bat,Left arm Medium, ,Mukesh Choudhary,mukesh choudhary,mukesh choudhary
6681,Tilak Varma,Left hand Bat,Right arm Offbreak, ,Namboori Thakur Tilak Varma,tilak varma,namboori thakur tilak varma
8355,Mukesh Kumar,Right hand Bat,Right arm Medium, ,Mukesh Kumar,mukesh kumar,mukesh kumar
4104,YBK Jaiswal,Left hand Bat,Legbreak, ,Yashasvi Bhupendra Kumar Jaiswal,ybk jaiswal,yashasvi bhupendra kumar jaiswal
11366,A Kamboj,Right hand Bat,Right arm Medium,,Anshul Kamboj,a kamboj,anshul kamboj
11834,Prince Yadav,Right hand Bat,Right arm Fast,,Prince Yadav,prince yadav,prince yadav
6054,AK Markram,Right hand Bat,Right arm Offbreak, ,Aiden Kyle Markram,ak markram,aiden kyle markram
2701,S Dube,Left hand Bat,Right arm Medium, ,Shivam Dube,s dube,shivam dube
1833,JC Archer,Right hand Bat,Right arm Fast, ,Jofra Chioke Archer,jc archer,jofra chioke archer
4059,Ravi Bishnoi,Right hand Bat,Legbreak Googly, ,Ravi Bishnoi,ravi bishnoi,ravi bishnoi
1740,H Klaasen,Right hand Bat,Right arm Offbreak,Wicketkeeper,Heinrich Klaasen,h klaasen,heinrich klaasen
3747,P Simran Singh,Right hand Bat, ,Wicketkeeper,Prabhsimran Singh,p simran singh,prabhsimran singh
4212,Kartik Tyagi,Right hand Bat,Right arm Fast, ,Kartik Tyagi,kartik tyagi,kartik tyagi
10291,A Raghuvanshi,Right hand Bat,Slow Left arm Orthodox,,Angkrish Raghuvanshi,a raghuvanshi,angkrish raghuvanshi
4098,JO Holder,Right hand Bat,Right arm Medium fast, ,Jason Omar Holder,jo holder,jason omar holder
4310,Shahbaz Ahmed,Left hand Bat,Slow Left arm Orthodox, ,Shahbaz Ahmed,shahbaz ahmed,shahbaz ahmed
10070,Sameer Rizvi,Right hand Bat,Right arm Offbreak,,Sameer Rizvi,sameer rizvi,sameer rizvi
4664,JR Hazlewood,Left hand Bat,Right arm Fast medium, ,Josh Reginald Hazlewood,jr hazlewood,josh reginald hazlewood
11282,MJ Suthar,Left hand Bat,Slow Left arm Orthodox,,Manav Suthar,mj suthar,manav suthar
5343,M Jansen,Right hand Bat,Left arm Medium fast, ,Marco Jansen,m jansen,marco jansen
8389,Arshad Khan,Left hand Bat,Left arm Medium,,Arshad Khan,arshad khan,arshad khan
2825,CV Varun,Right hand Bat,Legbreak Googly, ,Varun Chakravarthy Vinod,cv varun,varun chakravarthy vinod
11981,DL Vettori,Left hand Bat,Slow Left arm Orthodox, ,Daniel Luca Vettori,dl vettori,daniel luca vettori
9759,Sanvir Singh,Right hand Bat,Right arm Medium, ,Sanvir Singh,sanvir singh,sanvir singh
8769,Yudhvir Singh,Right hand Bat,Right arm Medium fast, ,Yudhvir Singh Charak,yudhvir singh,yudhvir singh charak
8930,Liton Das,Right hand Bat,Right arm Offbreak,Wicketkeeper,Litton Kumer Das,liton das,litton kumer das
12015,WPUJC Vaas,Left hand Bat,Left arm Fast medium, ,Warnakulasuriya Patabendige Ushantha Joseph Chaminda Vaas,wpujc vaas,warnakulasuriya patabendige ushantha joseph chaminda vaas
12013,AS Yadav,Right hand Bat,Right arm Offbreak, ,Arjun Shivlal Yadav,as yadav,arjun shivlal yadav
12127,VRV Singh,Right hand Bat,Right arm Medium fast, ,Vikram Raj Vir Singh,vrv singh,vikram raj vir singh
12016,RP Singh,Right hand Bat,Left arm Fast medium, ,Rudra Pratap Singh,rp singh,rudra pratap singh
11984,GD McGrath,Right hand Bat,Right arm Fast medium, ,Glenn Donald McGrath,gd mcgrath,glenn donald mcgrath
11982,MF Maharoof,Right hand Bat,Right arm Fast medium, ,Mohamed Farveez Maharoof,mf maharoof,mohamed farveez maharoof
12295,HH Gibbs,Right hand Bat,Right arm Bowler, ,Herschelle Herman Gibbs,hh gibbs,herschelle herman gibbs
11924,LR Shukla,Right hand Bat,Right arm Medium, ,Laxmi Ratan Shukla,lr shukla,laxmi ratan shukla
9524,Vivrant Sharma,Left hand Bat,Legbreak Googly, ,Vivrant Sharma,vivrant sharma,vivrant sharma
8396,MG Bracewell,Left hand Bat,Right arm Offbreak,Wicketkeeper,Michael Gordon Bracewell,mg bracewell,michael gordon bracewell
11926,AB Agarkar,Right hand Bat,Right arm Fast, ,Ajit Bhalchandra Agarkar,ab agarkar,ajit bhalchandra agarkar
12012,SB Styris,Right hand Bat,Right arm Medium, ,Scott Bernard Styris,sb styris,scott bernard styris
8890,Naveen-ul-Haq,Right hand Bat,Right arm Medium fast, ,Naveen-ul-Haq Murid,naveen-ul-haq,naveen-ul-haq murid
12318,BJ Hodge,Right hand Bat,Right arm Offbreak, ,Bradley John Hodge,bj hodge,bradley john hodge
11996,S Chanderpaul,Left hand Bat,Legbreak, ,Shivnarine Chanderpaul,s chanderpaul,shivnarine chanderpaul
11963,T Kohli,Right hand Bat,Right arm Medium, ,Taruwar Sushil Kohli,t kohli,taruwar sushil kohli
11954,KC Sangakkara,Left hand Bat,Right arm Offbreak,Wicketkeeper,Kumar Chokshanada Sangakkara,kc sangakkara,kumar chokshanada sangakkara
12056,Shahid Afridi,Right hand Bat,Legbreak Googly, ,Sahibzada Mohammad Shahid Khan Afridi,shahid afridi,sahibzada mohammad shahid khan afridi
12323,Umar Gul,Right hand Bat,Right arm Fast medium, ,Umar Gul,umar gul,umar gul
11949,P Amarnath,Right hand Bat,Right arm Medium, ,Palani Amarnath,p amarnath,palani amarnath
12121,RR Sarwan,Right hand Bat,Legbreak, ,Ramnaresh Ronnie Sarwan,rr sarwan,ramnaresh ronnie sarwan
11993,MA Khote,Right hand Bat,Right arm Medium, ,Musavir Asmat Khote,ma khote,musavir asmat khote
11933,JH Kallis,Right hand Bat,Right arm Fast medium, ,Jacques Henry Kallis,jh kallis,jacques henry kallis
11983,B Geeves,Right hand Bat,Right arm Fast medium, ,Brett Geeves,b geeves,brett geeves
8605,Mohit Rathee,Right hand Bat,Legbreak, ,Mohit Rathee,mohit rathee,mohit rathee
9431,R Goyal,Left hand Bat,Left arm Wrist spin, ,Raghav Goyal,r goyal,raghav goyal
10707,Arshad Khan (2),Left hand Bat,Left arm Medium, ,Mohd Arshad Khan,arshad khan (2),mohd arshad khan
11952,K Goel,Left hand Bat,Right arm Offbreak, ,Karan Goel,k goel,karan goel
8569,SSB Magala,Right hand Bat,Right arm Fast medium, ,Sisanda Somila Bruce Magala,ssb magala,sisanda somila bruce magala
11947,S Badrinath,Right hand Bat,Right arm Offbreak, ,Subramaniam Badrinath,s badrinath,subramaniam badrinath
12071,VY Mahesh,Right hand Bat,Right arm Medium fast, ,Vijaykumar Yo Mahesh,vy mahesh,vijaykumar yo mahesh
11958,P Dharmani,Right hand Bat, ,Wicketkeeper,Pankaj Dharmani,p dharmani,pankaj dharmani
11923,Mohammad Hafeez,Right hand Bat,Right arm Offbreak, ,Mohammad Hafeez,mohammad hafeez,mohammad hafeez
11946,JDP Oram,Left hand Bat,Right arm Fast medium, ,Jacob David Philip Oram,jdp oram,jacob david philip oram
12105,D Kalyankrishna,Right hand Bat,Right arm Medium fast, ,Doddapaneni Kalyankrishna,d kalyankrishna,doddapaneni kalyankrishna
11986,ST Jayasuriya,Left hand Bat,Slow Left arm Orthodox, ,Sanath Teran Jayasuriya,st jayasuriya,sanath teran jayasuriya
11989,PR Shah,Right hand Bat, ,Wicketkeeper,Pinal Rohitbhai Shah,pr shah,pinal rohitbhai shah
11980,M Manhas,Right hand Bat,Right arm Offbreak,Wicketkeeper,Mithun Manhas,m manhas,mithun manhas
11959,B Lee,Right hand Bat,Right arm Fast, ,Brett Lee,b lee,brett lee
11921,RT Ponting,Right hand Bat,Right arm Medium, ,Ricky Thomas Ponting,rt ponting,ricky thomas ponting
11922,DJ Hussey,Right hand Bat,Right arm Offbreak, ,David John Hussey,dj hussey,david john hussey
12572,NK Patel,Left hand Bat,,,Niraj Kanubhai Patel,nk patel,niraj kanubhai patel
12338,SP Fleming,Left hand Bat, , ,Stephen Paul Fleming,sp fleming,stephen paul fleming
16455,TR Birt,Left hand Bat,Right arm Medium,Occasional Wicketkeeper,Travis Rodney Birt,tr birt,travis rodney birt
16953,AA Kazi,Left hand Bat,Slow Left arm Orthodox, ,Abrar Anjum Kazi,aa kazi,abrar anjum kazi
14798,J Theron,Right hand Bat,Right arm Medium fast, ,Juan Theron,j theron,juan theron
34126,SS Mundhe,Right hand Bat,Right arm Medium, ,Shrikant Shrihari Mundhe,ss mundhe,shrikant shrihari mundhe
15862,Sunny Singh,Right hand Bat,Right arm Medium fast, ,Sunny Singh,sunny singh,sunny singh
13301,R Bishnoi,Right hand Bat,Right arm Medium fast, ,Rajesh Bishnoi,r bishnoi,rajesh bishnoi
13388,AS Raut,Right hand Bat,Legbreak Googly, ,Abhishek Santosh Raut,as raut,abhishek santosh raut
14765,R Sharma,Right hand Bat,Legbreak Googly, ,Rahul Sharma,r sharma,rahul sharma
15334,RS Sodhi,Right hand Bat,Right arm Medium, ,Reetinder Singh Sodhi,rs sodhi,reetinder singh sodhi
14648,MJ Lumb,Left hand Bat,Right arm Medium, ,Michael John Lumb,mj lumb,michael john lumb
34959,LJ Wright,Right hand Bat,Right arm Medium, ,Luke James Wright,lj wright,luke james wright
14476,R Sathish,Right hand Bat,Right arm Medium, ,Rajagopal Sathish,r sathish,rajagopal sathish
12372,Misbah-ul-Haq,Right hand Bat,Legbreak, ,Misbah-ul-Haq Khan Niazi,misbah-ul-haq,misbah-ul-haq khan niazi
14464,OA Shah,Right hand Bat,Right arm Offbreak, ,Owais Alam Shah,oa shah,owais alam shah
13248,AM Salvi,Right hand Bat,Right arm Medium, ,Aavishkar Madhav Salvi,am salvi,aavishkar madhav salvi
13016,A Nel,Right hand Bat,Right arm Fast medium, ,Andre Nel,a nel,andre nel
16380,NL McCullum,Right hand Bat,Right arm Offbreak, ,Nathan Leslie McCullum,nl mccullum,nathan leslie mccullum
34811,N Saini,Right hand Bat, ,Wicketkeeper,Nitin Saini,n saini,nitin saini
15261,AN Ahmed,Right hand Bat,Right arm Medium fast, ,Abu Nechim Ahmed,an ahmed,abu nechim ahmed
16743,I Malhotra,Right hand Bat,Right arm Medium fast, ,Ishan Malhotra,i malhotra,ishan malhotra
14757,MD Mishra,Right hand Bat,Right arm Offbreak, ,Mohnish Dinesh Mishra,md mishra,mohnish dinesh mishra
34983,RJ Peterson,Left hand Bat,Slow Left arm Orthodox, ,Robin John Peterson,rj peterson,robin john peterson
14463,CA Pujara,Right hand Bat,Legbreak, ,Cheteshwar Arvind Pujara,ca pujara,cheteshwar arvind pujara
14489,A Uniyal,Left hand Bat,Left arm Medium, ,Amit Uniyal,a uniyal,amit uniyal
13651,GR Napier,Right hand Bat,Right arm Medium, ,Graham Richard Napier,gr napier,graham richard napier
14136,J Botha,Right hand Bat,Right arm Offbreak, ,Johan Botha,j botha,johan botha
13227,Kamran Khan,Left hand Bat,Left arm Medium fast, ,Kamran Khan,kamran khan,kamran khan
12454,U Kaul,Left hand Bat, ,Wicketkeeper,Uday Kaul,u kaul,uday kaul
8470,Dhruv Jurel,Right hand Bat, , ,Dhruv Chand Jurel,dhruv jurel,dhruv chand jurel
8386,N Wadhera,Left hand Bat,Legbreak, ,Nehal Wadhera,n wadhera,nehal wadhera
8597,MW Short,Right hand Bat,Right arm Offbreak, ,Matthew William Short,mw short,matthew william short
8433,Abishek Porel,Left hand Bat, ,Wicketkeeper,Abishek Porel,abishek porel,abishek porel
13620,S Tyagi,Right hand Bat,Right arm Medium, ,Sudeep Tyagi,s tyagi,sudeep tyagi
16276,BJ Haddin,Right hand Bat, ,Wicketkeeper,Bradley James Haddin,bj haddin,bradley james haddin
12518,CK Kapugedera,Right hand Bat,Right arm Medium,Occasional Wicketkeeper,Chamara Kantha Kapugedera,ck kapugedera,chamara kantha kapugedera
12471,S Anirudha,Right hand Bat, , ,Srikkanth Anirudha,s anirudha,srikkanth anirudha
13384,RJ Quiney,Left hand Bat,Right arm Medium, ,Robert John Quiney,rj quiney,robert john quiney
13260,YA Abdulla,Left hand Bat,Left arm Fast medium, ,Yusuf Adam Abdulla,ya abdulla,yusuf adam abdulla
12650,TM Dilshan,Right hand Bat,Right arm Offbreak,Wicketkeeper,Tillakaratne Mudiyanselage Dilshan,tm dilshan,tillakaratne mudiyanselage dilshan
13551,MN van Wyk,Right hand Bat,Slow Left arm Orthodox,Wicketkeeper,Morne Nico van Wyk,mn van wyk,morne nico van wyk
14206,SS Shaikh,Right hand Bat,Right arm Medium, ,Shoaib Shabbir Shaikh,ss shaikh,shoaib shabbir shaikh
15878,AC Thomas,Right hand Bat,Right arm Fast medium, ,Alfonso Clive Thomas,ac thomas,alfonso clive thomas
15003,PD Collingwood,Right hand Bat,Right arm Medium, ,Paul David Collingwood,pd collingwood,paul david collingwood
15239,AP Dole,Right hand Bat,Right arm Medium fast, ,Aditya Pradip Dole,ap dole,aditya pradip dole
14216,Jaskaran Singh,Right hand Bat,Right arm Medium, ,Jaskaran Singh Buttar,jaskaran singh,jaskaran singh buttar
12850,H Das,Right hand Bat, ,Wicketkeeper,Halhadar Das,h das,halhadar das
33972,AA Chavan,Left hand Bat,Slow Left arm Orthodox, ,Ankeet Anil Chavan,aa chavan,ankeet anil chavan
13986,A Mithun,Right hand Bat,Right arm Medium, ,Abhimanyu Mithun,a mithun,abhimanyu mithun
12339,S Vidyut,Left hand Bat,Slow Left arm Orthodox, ,Vidyut Sivaramakrishnan,s vidyut,vidyut sivaramakrishnan
15851,JEC Franklin,Left hand Bat,Left arm Medium, ,James Edward Charles Franklin,jec franklin,james edward charles franklin
13508,AN Ghosh,Right hand Bat,Right arm Medium, ,Arindam Nanigopal Ghosh,an ghosh,arindam nanigopal ghosh
12422,RR Raje,Right hand Bat,Right arm Fast medium, ,Rohan Ravindra Raje,rr raje,rohan ravindra raje
14008,SS Sarkar,Right hand Bat,Right arm Medium, ,Sourav Subrata Sarkar,ss sarkar,sourav subrata sarkar
15896,RN ten Doeschate,Right hand Bat,Right arm Medium fast, ,Ryan Neil ten Doeschate,rn ten doeschate,ryan neil ten doeschate
15140,DE Bollinger,Left hand Bat,Left arm Fast medium, ,Douglas Erwin Bollinger,de bollinger,douglas erwin bollinger
14567,S Ladda,Right hand Bat,Legbreak, ,Sarabjit Ladda,s ladda,sarabjit ladda
16249,DH Yagnik,Left hand Bat, , ,Dishant Harendra Yagnik,dh yagnik,dishant harendra yagnik
13245,DP Nannes,Right hand Bat,Left arm Fast, ,Dirk Peter Nannes,dp nannes,dirk peter nannes
13810,A Singh,Right hand Bat,Right arm Medium fast, ,Amit Singh,a singh,amit singh
34392,TP Sudhindra,Left hand Bat,Right arm Fast, ,Taduri Prakash Chandra Sudhindra,tp sudhindra,taduri prakash chandra sudhindra
15779,S Randiv,Right hand Bat,Right arm Offbreak, ,Hewa Kaluhalamullage Suraj Randiv Kaluhalamulla,s randiv,hewa kaluhalamullage suraj randiv kaluhalamulla
13383,PC Valthaty,Right hand Bat,Right arm Medium, ,Paul Chandrashekar Valthaty,pc valthaty,paul chandrashekar valthaty
34554,P Awana,Right hand Bat,Right arm Medium, ,Parvinder Awana,p awana,parvinder awana
12710,Shoaib Akhtar,Right hand Bat,Right arm Fast, ,Shoaib Akhtar,shoaib akhtar,shoaib akhtar
34530,RR Bhatkal,Right hand Bat,Right arm Medium, ,Raju Ravi Bhatkal,rr bhatkal,raju ravi bhatkal
34343,KK Cooper,Right hand Bat,Right arm Medium, ,Kevon Keston Cooper,kk cooper,kevon keston cooper
12661,AD Mascarenhas,Right hand Bat,Right arm Fast medium, ,Adrian Dimitri Mascarenhas,ad mascarenhas,adrian dimitri mascarenhas
14541,JM Kemp,Right hand Bat,Right arm Fast medium, ,Justin Miles Kemp,jm kemp,justin miles kemp
12362,LPC Silva,Right hand Bat,Legbreak, ,Lindamlilage Prageeth Chamara Silva,lpc silva,lindamlilage prageeth chamara silva
12580,SR Tendulkar,Right hand Bat,"Right arm Offbreak, Legbreak Googly", ,Sachin Ramesh Tendulkar,sr tendulkar,sachin ramesh tendulkar
13785,RJ Harris,Right hand Bat,Right arm Fast, ,Ryan James Harris,rj harris,ryan james harris
15339,L Ablish,Right hand Bat,Right arm Medium fast, ,Love Ablish,l ablish,love ablish
15384,S Sriram,Left hand Bat,Slow Left arm Orthodox, ,Sridharan Sriram,s sriram,sridharan sriram
14201,Mashrafe Mortaza,Right hand Bat,Right arm Fast medium, ,Mashrafe Bin Mortaza,mashrafe mortaza,mashrafe bin mortaza
14492,SW Tait,Right hand Bat,Right arm Fast, ,Shaun William Tait,sw tait,shaun william tait
6657,DP Conway,Left hand Bat,Right arm Medium,Occasional Wicketkeeper,Devon Philip Conway,dp conway,devon philip conway
13258,VS Malik,Right hand Bat,Right arm Medium, ,Vikramjeet Singh Malik,vs malik,vikramjeet singh malik
4339,N Jagadeesan,Right hand Bat, ,Wicketkeeper,Narayan Jagadeesan,n jagadeesan,narayan jagadeesan
14279,Y Nagar,Right hand Bat,Right arm Offbreak, ,Yogesh Nagar,y nagar,yogesh nagar
1314,IR Jaggi,Right hand Bat,Legbreak Googly, ,Ishank Rajiv Jaggi,ir jaggi,ishank rajiv jaggi
44,Imran Tahir,Right hand Bat,Legbreak Googly, ,Mohammad Imran Tahir,imran tahir,mohammad imran tahir
900,PJ Sangwan,Right hand Bat,Left arm Medium, ,Pradeep Jaibeer Sangwan,pj sangwan,pradeep jaibeer sangwan
11943,MEK Hussey,Left hand Bat,Right arm Medium, ,Michael Edward Killeen Hussey,mek hussey,michael edward killeen hussey
11991,SM Pollock,Right hand Bat,Right arm Fast medium, ,Shaun Maclean Pollock,sm pollock,shaun maclean pollock
35966,MDKJ Perera,Left hand Bat, ,Wicketkeeper,Mathurage Don Kusal Janith Perera,mdkj perera,mathurage don kusal janith perera
38647,JW Hastings,Right hand Bat,Right arm Fast medium, ,John Wayne Hastings,jw hastings,john wayne hastings
7546,Harshit Rana,Right hand Bat,Right arm Fast, ,Harshit Pradeep Rana,harshit rana,harshit pradeep rana
8098,A Tomar,Right hand Bat,Right arm Offbreak, ,Abhijeet Tomar,a tomar,abhijeet tomar
1327,CJ Jordan,Right hand Bat,Right arm Fast medium, ,Christopher James Jordan,cj jordan,christopher james jordan
2315,P Chopra,Right hand Bat,Legbreak Googly,Occasional Wicketkeeper,Prashant Chopra,p chopra,prashant chopra
11971,SK Warne,Right hand Bat,Legbreak Googly, ,Shane Keith Warne,sk warne,shane keith warne
16693,AC Blizzard,Left hand Bat,Left arm Medium, ,Aiden Craig Blizzard,ac blizzard,aiden craig blizzard
36610,DJG Sammy,Right hand Bat,Right arm Medium, ,Daren Julius Garvey Sammy,djg sammy,daren julius garvey sammy
49,KD Karthik,Right hand Bat,Right arm Offbreak,Wicketkeeper,Krishnakumar Dinesh Karthik,kd karthik,krishnakumar dinesh karthik
176,B Stanlake,Left hand Bat,Right arm Fast, ,Billy James Stanlake,b stanlake,billy james stanlake
11940,SB Joshi,Left hand Bat,Slow Left arm Orthodox, ,Sunil Bandacharya Joshi,sb joshi,sunil bandacharya joshi
12746,Younis Khan,Right hand Bat,"Right arm Medium, Legbreak", ,Mohammad Younis Khan,younis khan,mohammad younis khan
40242,P Sahu,Right hand Bat,Legbreak Googly, ,Pardeep Sahu,p sahu,pardeep sahu
418,MM Patel,Right hand Bat,Right arm Medium fast, ,Munaf Musa Patel,mm patel,munaf musa patel
12252,DB Das,Right hand Bat,Legbreak Googly, ,Debabrata Baidya Das,db das,debabrata baidya das
6287,RV Patel,Right hand Bat,Right arm Medium fast, ,Ripal Vinubhai Patel,rv patel,ripal vinubhai patel
12539,T Taibu,Right hand Bat,Right arm Medium,Wicketkeeper,Tatenda Taibu,t taibu,tatenda taibu
34697,CJ McKay,Right hand Bat,Right arm Fast medium, ,Clinton James McKay,cj mckay,clinton james mckay
14360,RA Shaikh,Left hand Bat,Left arm Medium, ,Rahil Akhil Ahmed Shaikh,ra shaikh,rahil akhil ahmed shaikh
44056,MD Choudhary,Right hand Bat,,Wicketkeeper,Mukul Dalip Choudhary,md choudhary,mukul dalip choudhary
2024,L Ngidi,Right hand Bat,Right arm Fast medium, ,Lungisani True-man Ngidi,l ngidi,lungisani true-man ngidi
10109,MA Starc,Left hand Bat,Left arm Fast, ,Mitchell Aaron Starc,ma starc,mitchell aaron starc
76,Sandeep Sharma,Right hand Bat,Right arm Medium, ,Sandeep Sharma,sandeep sharma,sandeep sharma
8748,Vijaykumar Vyshak,Right hand Bat,Right arm Medium, ,Vijaykumar Vyshak,vijaykumar vyshak,vijaykumar vyshak
6047,GHS Garton,Left hand Bat,Left arm Fast, ,George Henry Simmons Garton,ghs garton,george henry simmons garton
54,DS Kulkarni,Right hand Bat,Right arm Medium, ,Dhawal Sunil Kulkarni,ds kulkarni,dhawal sunil kulkarni
69,WP Saha,Right hand Bat, ,Wicketkeeper,Wriddhiman Prasanta Saha,wp saha,wriddhiman prasanta saha
42,A Zampa,Right hand Bat,Legbreak Googly, ,Adam Zampa,a zampa,adam zampa
40725,PSP Handscomb,Right hand Bat, ,Wicketkeeper,Peter Stephen Patrick Handscomb,psp handscomb,peter stephen patrick handscomb
8295,RS Hangargekar,Right hand Bat,Right arm Fast medium, ,Rajvardhan S Hangargekar,rs hangargekar,rajvardhan s hangargekar
67,HM Amla,Right hand Bat,"Right arm Medium, Right arm Offbreak", ,Hashim Mahomed Amla,hm amla,hashim mahomed amla
11972,SK Trivedi,Right hand Bat,Right arm Medium, ,Siddharth Kishorkumar Trivedi,sk trivedi,siddharth kishorkumar trivedi
13595,TL Suman,Right hand Bat,Right arm Offbreak, ,Tirumalasetti Laxminarayana Suman,tl suman,tirumalasetti laxminarayana suman
34774,A Ashish Reddy,Right hand Bat,Right arm Medium, ,Ammana Ashish Reddy,a ashish reddy,ammana ashish reddy
12238,B Chipli,Right hand Bat,Right arm Medium, ,Bharat Chipli,b chipli,bharat chipli
14653,S Narwal,Left hand Bat,Right arm Medium, ,Sumit Narwal,s narwal,sumit narwal
12204,SD Chitnis,Right hand Bat,Right arm Offbreak, ,Siddharth Dilip Chitnis,sd chitnis,siddharth dilip chitnis
35864,Sunny Gupta,Right hand Bat,Right arm Offbreak, ,Sunny Gupta,sunny gupta,sunny gupta
31,TG Southee,Right hand Bat,Right arm Medium fast, ,Timothy Grant Southee,tg southee,timothy grant southee
17,BCJ Cutting,Right hand Bat,Right arm Fast medium, ,Benjamin Colin James Cutting,bcj cutting,benjamin colin james cutting
38548,BE Hendricks,Left hand Bat,Left arm Fast medium, ,Beuran Eric Hendricks,be hendricks,beuran eric hendricks
13083,BAW Mendis,Right hand Bat,Right arm Offbreak, ,Balapuwaduge Ajantha Winslow Mendis,baw mendis,balapuwaduge ajantha winslow mendis
12327,SA Asnodkar,Right hand Bat,Right arm Offbreak, ,Swapnil Ashok Asnodkar,sa asnodkar,swapnil ashok asnodkar
11970,D Salunkhe,Right hand Bat,Legbreak, ,Dinesh Salunkhe,d salunkhe,dinesh salunkhe
11966,M Kaif,Right hand Bat,Right arm Offbreak, ,Mohammad Kaif,m kaif,mohammad kaif
36536,IC Pandey,Right hand Bat,Right arm Medium, ,Ishwar Chand Pandey,ic pandey,ishwar chand pandey
14487,P Dogra,Right hand Bat,Legbreak, ,Paras Dogra,p dogra,paras dogra
13692,LA Carseldine,Left hand Bat,Left arm Medium, ,Lee Andrew Carseldine,la carseldine,lee andrew carseldine
19,Bipul Sharma,Left hand Bat,Slow Left arm Orthodox, ,Bipul Sharma,bipul sharma,bipul sharma
4170,JR Philippe,Right hand Bat, ,Wicketkeeper,Joshua Ryan Philippe,jr philippe,joshua ryan philippe
16199,TD Paine,Right hand Bat,Right arm Medium,Wicketkeeper,Timothy David Paine,td paine,timothy david paine
11937,AA Noffke,Right hand Bat,Right arm Fast medium, ,Ashley Allan Noffke,aa noffke,ashley allan noffke
12041,Kamran Akmal,Right hand Bat, ,Wicketkeeper,Kamran Akmal,kamran akmal,kamran akmal
36311,BJ Rohrer,Left hand Bat, ,Occasional Wicketkeeper,Ben James Rohrer,bj rohrer,ben james rohrer
36555,CM Gautam,Right hand Bat, ,Wicketkeeper,Chidhambaram Muralidharen Gautam,cm gautam,chidhambaram muralidharen gautam
41020,F Behardien,Right hand Bat,Right arm Fast medium, ,Farhaan Behardien,f behardien,farhaan behardien
37031,PV Tambe,Right hand Bat,Legbreak, ,Pravin Vijay Tambe,pv tambe,pravin vijay tambe
35892,MC Juneja,Right hand Bat,Right arm Offbreak, ,Manprit Charanjit Juneja,mc juneja,manprit charanjit juneja
41286,ER Dwivedi,Right hand Bat, ,Wicketkeeper,Eklavya Rakesh Dwivedi,er dwivedi,eklavya rakesh dwivedi
35459,K Upadhyay,Right hand Bat,Right arm Medium, ,Krishnakant Upadhyay,k upadhyay,krishnakant upadhyay
37347,MG Neser,Right hand Bat,Right arm Medium fast, ,Michael Gertges Neser,mg neser,michael gertges neser
40895,UT Khawaja,Left hand Bat,Right arm Medium, ,Usman Tariq Khawaja,ut khawaja,usman tariq khawaja
40385,KJ Abbott,Right hand Bat,Right arm Fast medium, ,Kyle John Abbott,kj abbott,kyle john abbott
38924,DJ Muthuswami,Right hand Bat,Right arm Medium, ,Domnic Joseph Muthuswami,dj muthuswami,domnic joseph muthuswami
6360,Anmolpreet Singh,Right hand Bat,Right arm Offbreak, ,Anmolpreet Singh,anmolpreet singh,anmolpreet singh
3011,JP Behrendorff,Right hand Bat,Left arm Fast medium, ,Jason Paul Behrendorff,jp behrendorff,jason paul behrendorff
27,AT Rayudu,Right hand Bat,Right arm Offbreak,Occasional Wicketkeeper,Ambati Thirupathi Rayudu,at rayudu,ambati thirupathi rayudu
1437,AD Russell,Right hand Bat,Right arm Fast, ,Andre Dwayne Russell,ad russell,andre dwayne russell
34601,V Pratap Singh,Right hand Bat,Right arm Medium, ,Veer Pratap Singh,v pratap singh,veer pratap singh
1856,LE Plunkett,Right hand Bat,Right arm Fast, ,Liam Edward Plunkett,le plunkett,liam edward plunkett
13563,RE van der Merwe,Right hand Bat,Slow Left arm Orthodox, ,Roelof Erasmus van der Merwe,re van der merwe,roelof erasmus van der merwe
58,RV Uthappa,Right hand Bat,Right arm Medium,Occasional Wicketkeeper,Robin Venu Uthappa,rv uthappa,robin venu uthappa
293,V Shankar,Right hand Bat,Right arm Medium, ,Vijay Shankar,v shankar,vijay shankar
37595,NJ Maddinson,Left hand Bat,Slow Left arm Orthodox, ,Nicolas James Maddinson,nj maddinson,nicolas james maddinson
11934,CL White,Right hand Bat,Legbreak Googly, ,Cameron Leon White,cl white,cameron leon white
11969,M Rawat,Right hand Bat, ,Wicketkeeper,Mahesh Rawat,m rawat,mahesh rawat
9181,Gurnoor Brar,Left hand Bat,Right arm Fast, ,Gurnoor Brar,gurnoor brar,gurnoor brar
46,BB McCullum,Right hand Bat,"Right arm Medium, Right arm Offbreak",Wicketkeeper,Brendon Barrie McCullum,bb mccullum,brendon barrie mccullum
13863,M Morkel,Left hand Bat,Right arm Fast, ,Morne Morkel,m morkel,morne morkel
7902,KS Sharma,Right hand Bat,Right arm Offbreak, ,Karan Sunny Sharma,ks sharma,karan sunny sharma
16648,P Parameswaran,Right hand Bat,Left arm Medium, ,Prasanth Parameswaran,p parameswaran,prasanth parameswaran
33961,P Prasanth,Left hand Bat,Slow Left arm Orthodox, ,Padmanabhan Prasanth,p prasanth,padmanabhan prasanth
5473,Lalit Yadav,Right hand Bat,Right arm Offbreak, ,Lalit Yadav,lalit yadav,lalit yadav
16,DJ Hooda,Right hand Bat,Right arm Offbreak, ,Deepak Jagbir Hooda,dj hooda,deepak jagbir hooda
1990,IS Sodhi,Right hand Bat,Legbreak, ,Inderbir Singh Sodhi,is sodhi,inderbir singh sodhi
494,BB Sran,Left hand Bat,Left arm Medium, ,Barinder Balbirsingh Sran,bb sran,barinder balbirsingh sran
34382,DJ Harris,Right hand Bat,Right arm Medium, ,Daniel Joseph Harris,dj harris,daniel joseph harris
3518,Y Prithvi Raj,Left hand Bat,Left arm Medium, ,Prithvi Raj Yarra,y prithvi raj,prithvi raj yarra
1964,JP Duminy,Left hand Bat,Right arm Offbreak, ,Jean-Paul Duminy,jp duminy,jean-paul duminy
15866,NJ Rimmington,Right hand Bat,Right arm Fast medium, ,Nathan John Rimmington,nj rimmington,nathan john rimmington
21,A Nehra,Right hand Bat,Left arm Medium fast, ,Ashish Nehra,a nehra,ashish nehra
15829,AUK Pathan,Right hand Bat,Right arm Medium, ,Asad Ullah Khan Pathan,auk pathan,asad ullah khan pathan
5562,Jalaj S Saxena,Right hand Bat,"Right arm Offbreak, Legbreak Googly", ,Jalaj Sahai Saxena,jalaj s saxena,jalaj sahai saxena
183,CR Brathwaite,Right hand Bat,Right arm Fast medium, ,Carlos Ricardo Brathwaite,cr brathwaite,carlos ricardo brathwaite
4406,AT Carey,Left hand Bat, ,Wicketkeeper,Alex Tyson Carey,at carey,alex tyson carey
11967,DS Lehmann,Left hand Bat,Slow Left arm Orthodox, ,Darren Scott Lehmann,ds lehmann,darren scott lehmann
7134,SS Prabhudessai,Right hand Bat,Right arm Medium, ,Suyash S Prabhudessai,ss prabhudessai,suyash s prabhudessai
25,RG Sharma,Right hand Bat,Right arm Offbreak, ,Rohit Gurunath Sharma,rg sharma,rohit gurunath sharma
181,RR Pant,Left hand Bat, ,Wicketkeeper,Rishabh Rajendra Pant,rr pant,rishabh rajendra pant
3495,Harpreet Brar,Left hand Bat,Slow Left arm Orthodox, ,Harpreet Brar,harpreet brar,harpreet brar
3230,R Parag,Right hand Bat,Legbreak, ,Riyan Parag,r parag,riyan parag
10939,N Thushara,Right hand Bat,Right arm Medium fast,,Nuwan Thushara,n thushara,nuwan thushara
11068,LB Williams,Left hand Bat,Right arm Medium fast,,Lizaad Buyron Williams,lb williams,lizaad buyron williams
11376,Gulbadin Naib,Right hand Bat,Right arm Medium fast,,Gulbadin Naib,gulbadin naib,gulbadin naib
10690,Tanush Kotian,Right hand Bat,Right arm Offbreak,,Tanush Kotian,tanush kotian,tanush kotian
10078,SD Hope,Right hand Bat,,Wicketkeeper,Shai Diego Hope,sd hope,shai diego hope
10160,L Wood,Left hand Bat,Left arm Fast medium,,Luke Wood,l wood,luke wood
10168,G Coetzee,Right hand Bat,Right arm Fast,,Gerald Coetzee,g coetzee,gerald coetzee
10604,KA Maharaj,Right hand Bat,Slow Left arm Orthodox,,Keshav Athmanand Maharaj,ka maharaj,keshav athmanand maharaj
10667,J Fraser-McGurk,Right hand Bat,Legbreak Googly,,Jake Fraser-McGurk,j fraser-mcgurk,jake fraser-mcgurk
10710,S Joseph,Left hand Bat,Right arm Fast,,Shamar Joseph,s joseph,shamar joseph
11416,V Viyaskanth,Right hand Bat,Legbreak,,Vijayakanth Viyaskanth,v viyaskanth,vijayakanth viyaskanth
11799,V Puthur,Right hand Bat,Left arm Wrist spin,,Vignesh Puthur,v puthur,vignesh puthur
8805,Arjun Tendulkar,Left hand Bat,Left arm Medium fast, ,Arjun Sachin Tendulkar,arjun tendulkar,arjun sachin tendulkar
36966,P Suyal,Right hand Bat,Left arm Medium, ,Pawan Shakland Suyal,p suyal,pawan shakland suyal
15108,MB Parmar,Right hand Bat,Right arm Offbreak, ,Mohnish Bipinbhai Parmar,mb parmar,mohnish bipinbhai parmar
35364,AP Majumdar,Right hand Bat,Legbreak Googly, ,Anustup Prabir Majumdar,ap majumdar,anustup prabir majumdar
33919,Anand Rajan,Right hand Bat,Right arm Medium, ,Anand Rajan,anand rajan,anand rajan
2824,GC Viljoen,Right hand Bat,Right arm Fast, ,GC Viljoen,gc viljoen,gc viljoen
8773,Atharva Taide,Left hand Bat,Slow Left arm Orthodox, ,Atharva Taide,atharva taide,atharva taide
12065,Shoaib Malik,Right hand Bat,Right arm Offbreak, ,Shoaib Malik,shoaib malik,shoaib malik
12070,Mohammad Asif,Left hand Bat,Right arm Fast medium, ,Mohammad Asif,mohammad asif,mohammad asif
23,PA Patel,Left hand Bat,Right arm Offbreak,Wicketkeeper,Parthiv Ajay Patel,pa patel,parthiv ajay patel
38229,Shivam Sharma,Right hand Bat,Right arm Offbreak, ,Shivam Sharma,shivam sharma,shivam sharma
12669,LA Pomersbach,Left hand Bat,Right arm Offbreak, ,Luke Anthony Pomersbach,la pomersbach,luke anthony pomersbach
39089,RG More,Right hand Bat,Right arm Medium, ,Ronit Gajanan More,rg more,ronit gajanan more
7652,Simarjeet Singh,Right hand Bat,Right arm Medium fast, ,Simarjeet Singh,simarjeet singh,simarjeet singh
2227,MM Ali,Left hand Bat,Right arm Offbreak, ,Moeen Munir Ali,mm ali,moeen munir ali
12364,DB Ravi Teja,Right hand Bat,Legbreak Googly, ,Dwaraka Bhamidipati Ravi Teja,db ravi teja,dwaraka bhamidipati ravi teja
491,Mohammad Nabi,Right hand Bat,Right arm Offbreak, ,Mohammad Nabi,mohammad nabi,mohammad nabi
569,JP Faulkner,Right hand Bat,Left arm Fast medium, ,James Peter Faulkner,jp faulkner,james peter faulkner
241,VR Aaron,Right hand Bat,Right arm Fast, ,Varun Raymond Aaron,vr aaron,varun raymond aaron
15368,B Sumanth,Right hand Bat,Right arm Medium fast, ,Bodapati Apparao Sumanth,b sumanth,bodapati apparao sumanth
8005,PH Solanki,Right hand Bat,Legbreak, ,Prashant Hitesh Solanki,ph solanki,prashant hitesh solanki
5686,KW Richardson,Right hand Bat,Right arm Fast medium, ,Kane William Richardson,kw richardson,kane william richardson
35,MA Agarwal,Right hand Bat,Right arm Offbreak, ,Mayank Anurag Agarwal,ma agarwal,mayank anurag agarwal
9,TS Mills,Right hand Bat,Left arm Fast, ,Tymal Solomon Mills,ts mills,tymal solomon mills
9508,JE Root,Right hand Bat,"Right arm Offbreak, Legbreak", ,Joseph Edward Root,je root,joseph edward root
15846,DJ Jacobs,Right hand Bat,Right arm Medium,Wicketkeeper,David Johan Jacobs,dj jacobs,david johan jacobs
36069,BMAJ Mendis,Left hand Bat,Legbreak, ,Balapuwaduge Manukulasuriya Amith Jeevan Mendis,bmaj mendis,balapuwaduge manukulasuriya amith jeevan mendis
41723,PWA Mulder,Right hand Bat,Right arm Medium,,Wiaan Mulder,pwa mulder,wiaan mulder
41726,Zeeshan Ansari,Right hand Bat,Legbreak Googly,,Zeeshan Ansari,zeeshan ansari,zeeshan ansari
41851,PHKD Mendis,Left hand Bat,"Right arm Offbreak, Slow Left arm Orthodox",,Kamindu Mendis,phkd mendis,kamindu mendis
42206,SK Rasheed,Right hand Bat,Legbreak,,Shaik Rasheed,sk rasheed,shaik rasheed
42220,JP Inglis,Right hand Bat,,Wicketkeeper,Joshua Patrick Inglis,jp inglis,joshua patrick inglis
43300,Karim Janat,Right hand Bat,Right arm Medium,,Karim Janat,karim janat,karim janat
43451,KS Rathore,Left hand Bat,,Wicketkeeper,Kunal Singh Rathore,ks rathore,kunal singh rathore
43574,M Tiwari,Right hand Bat,Right arm Medium fast,,Madhav Tiwari,m tiwari,madhav tiwari
43582,MJ Owen,Right hand Bat,,Right arm Medium,Mitchell J Owen,mj owen,mitchell j owen
43638,W O'Rourke,Right hand Bat,Right arm Fast,Right arm Fast,William Peter O'Rourke,w o'rourke,william peter o'rourke
43820,MP Breetzke,Right hand Bat,,Wicketkeeper,Matthew Paul Breetzke,mp breetzke,matthew paul breetzke
43849,Musheer Khan,Right hand Bat,Slow Left arm Orthodox,,Musheer Khan,musheer khan,musheer khan
43881,BKG Mendis,Right hand Bat,Legbreak,,Kusal Mendis,bkg mendis,kusal mendis
2700,SO Hetmyer,Left hand Bat, , ,Shimron Odilon Hetmyer,so hetmyer,shimron odilon hetmyer
42116,Himmat Singh,Right hand Bat,Right arm Offbreak,,Himmat Singh,himmat singh,himmat singh
360,SN Thakur,Right hand Bat,Right arm Medium, ,Shardul Narendra Thakur,sn thakur,shardul narendra thakur
41785,Ashwani Kumar,Left hand Bat,Left arm Medium,,Ashwani Kumar,ashwani kumar,ashwani kumar
11389,D Ferreira,Right hand Bat,Right arm Offbreak,Wicketkeeper,Donovan Ferreira,d ferreira,donovan ferreira
11843,V Nigam,Right hand Bat,Legbreak,,Vipraj Nigam,v nigam,vipraj nigam
8809,Noor Ahmad,Right hand Bat,Left arm Wrist spin, ,Noor Ahmad Lakanwal,noor ahmad,noor ahmad lakanwal
11805,R Minz,Left hand Bat,,Slow Left arm Orthodox,Robin Minz,r minz,robin minz
11801,RD Rickelton,Left hand Bat,,Wicketkeeper,Ryan Rickelton,rd rickelton,ryan rickelton
41758,J Overton,Right hand Bat,Right arm Fast,,Jamie Overton,j overton,jamie overton
10163,Naman Dhir,Right hand Bat,Right arm Offbreak,,Naman Dhir,naman dhir,naman dhir
11847,Priyansh Arya,Left hand Bat,Right arm Offbreak,,Priyansh Arya,priyansh arya,priyansh arya
10382,SB Dubey,Left hand Bat,Right arm Offbreak,,Shubham Badriprasad Dubey,sb dubey,shubham badriprasad dubey
10630,WG Jacks,Right hand Bat,Right arm Offbreak,,William George Jacks,wg jacks,william george jacks
42226,XC Bartlett,Right hand Bat,Right arm Fast medium,,Xavier Colin Bartlett,xc bartlett,xavier colin bartlett
6694,R Powell,Right hand Bat,Right arm Medium fast, ,Rovman Powell,r powell,rovman powell
61,SA Yadav,Right hand Bat,"Right arm Medium, Right arm Offbreak", ,Suryakumar Ashok Yadav,sa yadav,suryakumar ashok yadav
11854,Suryansh Shedge,Right hand Bat,Right arm Medium fast,,Suryansh Shedge,suryansh shedge,suryansh shedge
43253,C Bosch,Right hand Bat,Right arm Fast medium,,Corbin Bosch,c bosch,corbin bosch
43282,JG Bethell,Left hand Bat,Slow Left arm Orthodox,,Jacob Graham Bethell,jg bethell,jacob graham bethell
42133,E Malinga,Left hand Bat,Right arm Fast medium,,Kiribathgala Kankanamalage Eshan Malinga Dharmasena,e malinga,kiribathgala kankanamalage eshan malinga dharmasena
2662,KK Ahmed,Right hand Bat,Left arm Medium, ,Khaleel Khursheed Ahmed,kk ahmed,khaleel khursheed ahmed
5349,RM Patidar,Right hand Bat,Right arm Offbreak, ,Rajat Manohar Patidar,rm patidar,rajat manohar patidar
6310,TL Seifert,Right hand Bat, ,Wicketkeeper,Tim Louis Seifert,tl seifert,tim louis seifert
43548,Urvil Patel,Right hand Bat,,Wicketkeeper,Urvil Mukesh Patel,urvil patel,urvil mukesh patel
43954,Sediqullah Atal,Left hand Bat,,,Sediqullah Atal,sediqullah atal,sediqullah atal
34356,DAJ Bracewell,Right hand Bat,Right arm Fast medium, ,Douglas Andrew John Bracewell,daj bracewell,douglas andrew john bracewell
1970,AD Hales,Right hand Bat,Right arm Medium,Occasional Wicketkeeper,Alexander Daniel Hales,ad hales,alexander daniel hales
161,DT Christian,Right hand Bat,Right arm Fast medium, ,Daniel Trevor Christian,dt christian,daniel trevor christian
12414,YV Takawale,Right hand Bat, ,Wicketkeeper,Yogesh Vijay Takawale,yv takawale,yogesh vijay takawale
62,CR Woakes,Right hand Bat,Right arm Fast medium, ,Christopher Roger Woakes,cr woakes,christopher roger woakes
13231,KP Pietersen,Right hand Bat,Right arm Offbreak, ,Kevin Peter Pietersen,kp pietersen,kevin peter pietersen
11948,Joginder Sharma,Right hand Bat,Right arm Fast medium, ,Joginder Sharma,joginder sharma,joginder sharma
13220,T Henderson,Right hand Bat,Right arm Fast medium, ,Tyron Henderson,t henderson,tyron henderson
15837,UBT Chand,Right hand Bat,Right arm Offbreak, ,Unmukt Bharat Thakur Chand,ubt chand,unmukt bharat thakur chand
12008,Y Venugopal Rao,Right hand Bat,Right arm Offbreak, ,Yalaka Venugopal Rao,y venugopal rao,yalaka venugopal rao
471,NM Coulter-Nile,Right hand Bat,Right arm Fast, ,Nathan Mitchell Coulter-Nile,nm coulter-nile,nathan mitchell coulter-nile
34706,T Mishra,Right hand Bat,Right arm Fast medium, ,Tanmay Mishra,t mishra,tanmay mishra
14481,AG Murtaza,Left hand Bat,Slow Left arm Orthodox, ,Ali Ghulam Murtaza,ag murtaza,ali ghulam murtaza
3718,S Sandeep Warrier,Right hand Bat,Right arm Medium, ,Sankarankutty Sandeep Warrier,s sandeep warrier,sankarankutty sandeep warrier
8626,WD Parnell,Left hand Bat,Left arm Medium fast, ,Wayne Dillon Parnell,wd parnell,wayne dillon parnell
546,Gurkeerat Singh,Right hand Bat,Right arm Offbreak, ,Gurkeerat Rupinder Singh,gurkeerat singh,gurkeerat rupinder singh
14961,KB Arun Karthik,Right hand Bat,Legbreak Googly,Occasional Wicketkeeper,Konda Bhaskir Arun Karthik,kb arun karthik,konda bhaskir arun karthik
12046,Pankaj Singh,Right hand Bat,Right arm Medium fast, ,Pankaj Singh,pankaj singh,pankaj singh
245,AB de Villiers,Right hand Bat,Right arm Medium,Wicketkeeper,Abraham Benjamin de Villiers,ab de villiers,abraham benjamin de villiers
4771,CJ Green,Right hand Bat,Right arm Offbreak, ,Christopher James Green,cj green,christopher james green
48,AJ Finch,Right hand Bat,Slow Left arm Orthodox, ,Aaron James Finch,aj finch,aaron james finch
9069,D Wiese,Right hand Bat,Right arm Medium fast, ,David Wiese,d wiese,david wiese
4023,JL Pattinson,Left hand Bat,Right arm Fast medium, ,James Lee Pattinson,jl pattinson,james lee pattinson
11935,MV Boucher,Right hand Bat,Right arm Medium,Wicketkeeper,Mark Verdon Boucher,mv boucher,mark verdon boucher
34171,RW Price,Right hand Bat,Slow Left arm Orthodox, ,Raymond William Price,rw price,raymond william price
13026,A Mukund,Left hand Bat,Legbreak Googly, ,Abhinav Mukund,a mukund,abhinav mukund
6717,OF Smith,Right hand Bat,Right arm Fast medium, ,Odean Fabian Smith,of smith,odean fabian smith
767,Anureet Singh,Right hand Bat,Right arm Medium, ,Kathuria Anureet Singh,anureet singh,kathuria anureet singh
35146,BB Samantray,Right hand Bat,Right arm Medium, ,Biplab Bipin Samantray,bb samantray,biplab bipin samantray
39661,GS Sandhu,Left hand Bat,Right arm Fast medium, ,Gurinder Singh Sandhu,gs sandhu,gurinder singh sandhu
1452,B Laughlin,Right hand Bat,Right arm Fast medium, ,Ben Laughlin,b laughlin,ben laughlin
14520,RS Gavaskar,Left hand Bat,Slow Left arm Orthodox, ,Rohan Sunil Gavaskar,rs gavaskar,rohan sunil gavaskar
10152,Azmatullah Omarzai,Right hand Bat,Right arm Medium fast,,Azmatullah Omarzai,azmatullah omarzai,azmatullah omarzai
11640,Shivam Singh,Right hand Bat,Right arm Offbreak,,Shivam Singh,shivam singh,shivam singh
10548,BR Sharath,Right hand Bat,,Wicketkeeper,Belur Ravi Sharath,br sharath,belur ravi sharath
11562,T Kohler-Cadmore,Right hand Bat,Right arm Offbreak,Wicketkeeper,Tom Kohler-Cadmore,t kohler-cadmore,tom kohler-cadmore
11810,PVSN Raju,Left hand Bat,Right arm Medium fast,,Penumatsa Venkata Satyanarayana Raju,pvsn raju,penumatsa venkata satyanarayana raju
42511,MS Bhandage,Left hand Bat,Right arm Medium fast,,Manoj Shivaramsa Bhandage,ms bhandage,manoj shivaramsa bhandage
38,MS Dhoni,Right hand Bat,Right arm Medium,Wicketkeeper,Mahendra Singh Dhoni,ms dhoni,mahendra singh dhoni
38515,K Santokie,Left hand Bat,Left arm Medium, ,Krishmar Santokie,k santokie,krishmar santokie
15049,C Ganapathy,Right hand Bat,Right arm Medium, ,Chandrasekar Ganapathy,c ganapathy,chandrasekar ganapathy
6715,RA Bawa,Left hand Bat,Right arm Medium fast, ,Raj Angad Bawa,ra bawa,raj angad bawa
318,UT Yadav,Right hand Bat,Right arm Fast, ,Umeshkumar Tilak Yadav,ut yadav,umeshkumar tilak yadav
16414,KMDN Kulasekara,Right hand Bat,Right arm Fast medium, ,Kulasekara Mudiyanselage Dinesh Nuwan Kulasekara,kmdn kulasekara,kulasekara mudiyanselage dinesh nuwan kulasekara
37,BA Stokes,Left hand Bat,Right arm Fast medium, ,Benjamin Andrew Stokes,ba stokes,benjamin andrew stokes
1986,MK Lomror,Left hand Bat,Slow Left arm Orthodox, ,Mahipal Krishan Lomror,mk lomror,mahipal krishan lomror
6212,T Shamsi,Right hand Bat,Left arm Wrist spin, ,Tabraiz Shamsi,t shamsi,tabraiz shamsi
34817,Azhar Mahmood,Right hand Bat,Right arm Fast medium, ,Azhar Mahmood Sagar,azhar mahmood,azhar mahmood sagar
11987,DJ Thornely,Right hand Bat,"Right arm Medium, Right arm Offbreak", ,Dominic John Thornely,dj thornely,dominic john thornely
11928,M Kartik,Left hand Bat,Slow Left arm Orthodox, ,Murali Kartik,m kartik,murali kartik
297,Mustafizur Rahman,Left hand Bat,Left arm Fast medium, ,Mustafizur Rahman,mustafizur rahman,mustafizur rahman
8400,RJW Topley,Right hand Bat,Left arm Fast medium, ,Reece James William Topley,rjw topley,reece james william topley
13458,KP Appanna,Right hand Bat,Slow Left arm Orthodox, ,Kotarangada Prabhu Appanna,kp appanna,kotarangada prabhu appanna
6245,NT Ellis,Right hand Bat,Right arm Fast medium, ,Nathan Ellis,nt ellis,nathan ellis
1416,R Ashwin,Right hand Bat,Right arm Offbreak, ,Ravichandran Ashwin,r ashwin,ravichandran ashwin
1443,DJM Short,Left hand Bat,Left arm Wrist spin, ,D'Arcy John Matthew Short,djm short,d'arcy john matthew short
811,IK Pathan,Left hand Bat,Left arm Medium fast, ,Irfan Khan Pathan,ik pathan,irfan khan pathan
634,AD Nath,Right hand Bat,Right arm Medium fast, ,Akshdeep Deependra Nath,ad nath,akshdeep deependra nath
14485,AA Jhunjhunwala,Right hand Bat,Right arm Offbreak, ,Abhishek Arunkumar Jhunjhunwala,aa jhunjhunwala,abhishek arunkumar jhunjhunwala
12221,TM Srivastava,Left hand Bat,Right arm Medium, ,Tanmay Manoj Srivastava,tm srivastava,tanmay manoj srivastava
77,T Natarajan,Left hand Bat,Left arm Medium, ,Thangarasu Natarajan,t natarajan,thangarasu natarajan
5354,KA Jamieson,Right hand Bat,Right arm Fast medium, ,Kyle Alex Jamieson,ka jamieson,kyle alex jamieson
10302,MP Yadav,Right hand Bat,Right arm Fast,,Mayank Yadav,mp yadav,mayank yadav
42603,A Mhatre,Right hand Bat,Right arm Offbreak,,Ayush Mhatre,a mhatre,ayush mhatre
10456,Ashutosh Sharma,Right hand Bat,,,Ashutosh Sharma,ashutosh sharma,ashutosh sharma
7947,T Stubbs,Right hand Bat,Right arm Offbreak,Wicketkeeper,Tristan Stubbs,t stubbs,tristan stubbs
10528,Kumar Kushagra,Right hand Bat,,Wicketkeeper,Kumar Kushagra,kumar kushagra,kumar kushagra
180,SV Samson,Right hand Bat, ,Wicketkeeper,Sanju Viswanath Samson,sv samson,sanju viswanath samson
10303,M Siddharth,Right hand Bat,Slow Left arm Orthodox,,Manimaran Siddharth,m siddharth,manimaran siddharth
2703,Navdeep Saini,Right hand Bat,Right arm Fast,,Navdeep Saini,navdeep saini,navdeep saini
4146,TU Deshpande,Left hand Bat,Right arm Medium, ,Tushar Uday Deshpande,tu deshpande,tushar uday deshpande
11833,DS Rathi,Right hand Bat,Legbreak,,Digvesh Singh Rathi,ds rathi,digvesh singh rathi
3388,Arshdeep Singh,Left hand Bat,Left arm Medium fast, ,Arshdeep Singh,arshdeep singh,arshdeep singh
6036,Akash Singh,Right hand Bat,Left arm Medium fast, ,Akash Maharaj Singh,akash singh,akash maharaj singh
35030,R Shukla,Right hand Bat,Right arm Medium, ,Rahul Shukla,r shukla,rahul shukla
12160,A Kumble,Right hand Bat,Legbreak Googly, ,Anil Kumble,a kumble,anil kumble
12035,S Sohal,Right hand Bat,Legbreak, ,Sunny Sohal,s sohal,sunny sohal
16007,JJ van der Wath,Right hand Bat,Right arm Medium fast, ,Johannes Jacobus van der Wath,jj van der wath,johannes jacobus van der wath
13882,GJ Bailey,Right hand Bat,Right arm Medium, ,George John Bailey,gj bailey,george john bailey
2719,JM Bairstow,Right hand Bat,Right arm Medium,Wicketkeeper,Jonathan Marc Bairstow,jm bairstow,jonathan marc bairstow
258,CJ Anderson,Left hand Bat,Left arm Medium fast, ,Corey James Anderson,cj anderson,corey james anderson
35239,BW Hilfenhaus,Right hand Bat,Right arm Fast medium, ,Benjamin William Hilfenhaus,bw hilfenhaus,benjamin william hilfenhaus
5955,DJ Malan,Left hand Bat,Legbreak, ,Dawid Johannes Malan,dj malan,dawid johannes malan
12107,GC Smith,Left hand Bat,Right arm Offbreak, ,Graeme Craig Smith,gc smith,graeme craig smith
16529,M Klinger,Right hand Bat, , ,Michael Klinger,m klinger,michael klinger
12193,DNT Zoysa,Left hand Bat,Left arm Fast medium, ,Demuni Nuwan Tharanga Zoysa,dnt zoysa,demuni nuwan tharanga zoysa
35322,PA Reddy,Right hand Bat,Legbreak, ,Produturi Akshath Reddy,pa reddy,produturi akshath reddy
13271,FH Edwards,Right hand Bat,Right arm Fast, ,Fidel Henderson Edwards,fh edwards,fidel henderson edwards
14353,Mohammad Ashraful,Right hand Bat,"Right arm Offbreak, Legbreak", ,Mohammad Ashraful,mohammad ashraful,mohammad ashraful
12315,Salman Butt,Left hand Bat,Right arm Offbreak, ,Salman Butt,salman butt,salman butt
9044,Abdul Basith,Right hand Bat,Right arm Offbreak, ,Pappanayil Abdul Basith,abdul basith,pappanayil abdul basith
4274,JDS Neesham,Left hand Bat,Right arm Medium fast, ,James Douglas Sheahan Neesham,jds neesham,james douglas sheahan neesham
11942,ML Hayden,Left hand Bat,Right arm Medium, ,Matthew Lawrence Hayden,ml hayden,matthew lawrence hayden
637,SS Agarwal,Right hand Bat,Legbreak Googly, ,Shubham Sanjay Agarwal,ss agarwal,shubham sanjay agarwal
34931,A Chandila,Right hand Bat,Right arm Offbreak, ,Ajit  Chandila,a chandila,ajit chandila
697,DM Bravo,Left hand Bat,Right arm Medium,Occasional Wicketkeeper,Darren Michael Bravo,dm bravo,darren michael bravo
7077,HE van der Dussen,Right hand Bat,Legbreak, ,Hendrik Erasmus van der Dussen,he van der dussen,hendrik erasmus van der dussen
2934,P Ray Barman,Right hand Bat,Legbreak Googly, ,Prayas Ray Barman,p ray barman,prayas ray barman
14729,AC Voges,Right hand Bat,Slow Left arm Orthodox, ,Adam Charles Voges,ac voges,adam charles voges
12523,L Balaji,Right hand Bat,Right arm Medium fast, ,Lakshmipathy Balaji,l balaji,lakshmipathy balaji
5980,PWH de Silva,Right hand Bat,Legbreak, ,Pinnaduwage Wanindu Hasaranga de Silva,pwh de silva,pinnaduwage wanindu hasaranga de silva
11990,AM Nayar,Left hand Bat,Right arm Medium, ,Abhishek Mohan Nayar,am nayar,abhishek mohan nayar
14505,MS Bisla,Right hand Bat, ,Wicketkeeper,Manvinder Sultansingh Bisla,ms bisla,manvinder sultansingh bisla
12009,VVS Laxman,Right hand Bat,Right arm Offbreak, ,Vangipurappu Venkata Sai Laxman,vvs laxman,vangipurappu venkata sai laxman
6795,D Pretorius,Right hand Bat,Right arm Medium fast, ,Dwaine Pretorius,d pretorius,dwaine pretorius
38322,VH Zol,Left hand Bat,Right arm Offbreak, ,Vijay Hari Zol,vh zol,vijay hari zol
12093,VS Yeligati,Right hand Bat,Right arm Offbreak, ,Vikrant Shyam Yeligati,vs yeligati,vikrant shyam yeligati
5408,JA Richardson,Right hand Bat,Right arm Fast, ,Jhye Avon Richardson,ja richardson,jhye avon richardson
15507,AG Paunikar,Right hand Bat, ,Wicketkeeper,Amit Gajanan Paunikar,ag paunikar,amit gajanan paunikar
11985,L Ronchi,Right hand Bat, ,Wicketkeeper,Luke Ronchi,l ronchi,luke ronchi
13402,RR Bose,Right hand Bat,Right arm Fast medium, ,Ranadeb Ranjit Bose,rr bose,ranadeb ranjit bose
36213,R Rampaul,Left hand Bat,Right arm Fast medium, ,Ravindranath Rampaul,r rampaul,ravindranath rampaul
12535,A Chopra,Right hand Bat,"Right arm Medium, Right arm Offbreak", ,Aakash Chopra,a chopra,aakash chopra
11930,R Dravid,Right hand Bat,Right arm Offbreak,Occasional Wicketkeeper,Rahul Sharad Dravid,r dravid,rahul sharad dravid
13973,C Nanda,Right hand Bat,Legbreak, ,Chetanya Nanda,c nanda,chetanya nanda
7365,HR Shokeen,Right hand Bat,Right arm Offbreak, ,Hrithik Rakesh Shokeen,hr shokeen,hrithik rakesh shokeen
7172,Yash Dayal,Right hand Bat,Left arm Medium fast, ,Yash Dayal,yash dayal,yash dayal
38691,Karanveer Singh,Right hand Bat,Legbreak Googly, ,Karanveer Singh,karanveer singh,karanveer singh
15472,C Madan,Right hand Bat, ,Wicketkeeper,Chandan Madan,c madan,chandan madan
16382,JE Taylor,Right hand Bat,Right arm Fast, ,Jerome Everton Taylor,je taylor,jerome everton taylor
11931,W Jaffer,Right hand Bat,Right arm Offbreak, ,Wasim Jaffer,w jaffer,wasim jaffer
14,MC Henriques,Right hand Bat,Right arm Fast medium, ,Moises Constantino Henriques,mc henriques,moises constantino henriques
11936,B Akhil,Right hand Bat,Right arm Medium fast, ,Balachandra Akhil,b akhil,balachandra akhil
11975,V Sehwag,Right hand Bat,Right arm Offbreak, ,Virender Sehwag,v sehwag,virender sehwag
12017,PP Ojha,Left hand Bat,Slow Left arm Orthodox, ,Pragyan Prayash Ojha,pp ojha,pragyan prayash ojha
8356,NA Saini,Right hand Bat,Right arm Fast, ,Navdeep Amarjeet Saini,na saini,navdeep amarjeet saini
12345,M Ntini,Right hand Bat,Right arm Fast, ,Makhaya Ntini,m ntini,makhaya ntini
18,NV Ojha,Right hand Bat, ,Wicketkeeper,Naman Vinaykumar Ojha,nv ojha,naman vinaykumar ojha
34272,RE Levi,Right hand Bat,Right arm Medium, ,Richard Ernst Levi,re levi,richard ernst levi
14478,R McLaren,Left hand Bat,Right arm Medium fast, ,Ryan McLaren,r mclaren,ryan mclaren
15745,ND Doshi,Right hand Bat,Slow Left arm Orthodox, ,Nayan Dilip Doshi,nd doshi,nayan dilip doshi
12795,RV Pawar,Left hand Bat,Slow Left arm Orthodox, ,Rajesh Vithal Pawar,rv pawar,rajesh vithal pawar
8425,Yash Thakur,Right hand Bat,Right arm Fast medium, ,Yash Ravisingh Thakur,yash thakur,yash ravisingh thakur
24,JC Buttler,Right hand Bat, ,Wicketkeeper,Joseph Charles Buttler,jc buttler,joseph charles buttler
1436,RK Singh,Left hand Bat,Right arm Offbreak, ,Rinku Khanchand Singh,rk singh,rinku khanchand singh
4099,Abdul Samad,Right hand Bat,Legbreak, ,Abdul Samad Farooq,abdul samad,abdul samad farooq
348,RA Jadeja,Left hand Bat,Slow Left arm Orthodox, ,Ravindrasinh Anirudhsinh Jadeja,ra jadeja,ravindrasinh anirudhsinh jadeja
7036,Ramandeep Singh,Right hand Bat,Right arm Medium, ,Ramandeep Singh,ramandeep singh,ramandeep singh
64,Kuldeep Yadav,Left hand Bat,Left arm Wrist spin, ,Kuldeep Yadav,kuldeep yadav,kuldeep yadav
3284,LS Livingstone,Right hand Bat,"Right arm Offbreak, Legbreak", ,Liam Stephen Livingstone,ls livingstone,liam stephen livingstone
33,JJ Bumrah,Right hand Bat,Right arm Fast, ,Jasprit Jasbirsingh Bumrah,jj bumrah,jasprit jasbirsingh bumrah
4071,D Padikkal,Left hand Bat,Right arm Offbreak, ,Devdutt Padikkal,d padikkal,devdutt padikkal
1421,Q de Kock,Left hand Bat, ,Wicketkeeper,Quinton de Kock,q de kock,quinton de kock
2947,MJ Santner,Left hand Bat,Slow Left arm Orthodox, ,Mitchell Josef Santner,mj santner,mitchell josef santner
2760,Rasikh Salam,Right hand Bat,Right arm Medium, ,Rasikh Salam Dar,rasikh salam,rasikh salam dar
44064,P Nissanka,Right hand Bat,,,Pathum Nissanka Silva,p nissanka,pathum nissanka silva
6999,B Sai Sudharsan,Left hand Bat,Legbreak, ,Bhardwaj Sai Sudharsan,b sai sudharsan,bhardwaj sai sudharsan
34,AM Rahane,Right hand Bat,Right arm Medium, ,Ajinkya Madhukar Rahane,am rahane,ajinkya madhukar rahane
1120,MJ Henry,Right hand Bat,Right arm Fast medium, ,Matthew James Henry,mj henry,matthew james henry
66,TA Boult,Right hand Bat,Left arm Fast medium, ,Trent Alexander Boult,ta boult,trent alexander boult
10,YS Chahal,Right hand Bat,Legbreak Googly, ,Yuzvendra Singh Chahal,ys chahal,yuzvendra singh chahal
13698,SM Harwood,Right hand Bat,Right arm Fast medium, ,Shane Michael Harwood,sm harwood,shane michael harwood
1,CH Gayle,Left hand Bat,Right arm Offbreak, ,Christopher Henry Gayle,ch gayle,christopher henry gayle
11962,S Sreesanth,Right hand Bat,Right arm Fast medium, ,Shanthakumaran Sreesanth,s sreesanth,shanthakumaran sreesanth
15807,AL Menaria,Left hand Bat,Slow Left arm Orthodox, ,Ashok Lakshminarayan Menaria,al menaria,ashok lakshminarayan menaria
2023,KM Asif,Right hand Bat,Right arm Medium, ,KM Asif,km asif,km asif
8953,Mayank Dagar,Right hand Bat,Slow Left arm Orthodox, ,Mayank J Dagar,mayank dagar,mayank j dagar
267,F du Plessis,Right hand Bat,Legbreak, ,Francois du Plessis,f du plessis,francois du plessis
13320,Yashpal Singh,Right hand Bat,Right arm Medium, ,Yashpal Singh,yashpal singh,yashpal singh
13228,JD Ryder,Left hand Bat,Right arm Medium, ,Jesse Daniel Ryder,jd ryder,jesse daniel ryder
2768,SM Curran,Left hand Bat,Left arm Medium fast, ,Samuel Matthew Curran,sm curran,samuel matthew curran
1630,M Vijay,Right hand Bat,Right arm Offbreak, ,Murali Vijay,m vijay,murali vijay
36227,SMSM Senanayake,Right hand Bat,Right arm Offbreak, ,Senanayake Mudiyanselage Sachithra Madhushanka Senanayake,smsm senanayake,senanayake mudiyanselage sachithra madhushanka senanayake
1398,C Munro,Left hand Bat,Right arm Medium fast, ,Colin Munro,c munro,colin munro
12314,Gagandeep Singh,Right hand Bat,Right arm Medium fast, ,Gagandeep Singh,gagandeep singh,gagandeep singh
34058,S Rana,Right hand Bat,Right arm Medium fast, ,Sachin Rana,s rana,sachin rana
8,S Aravind,Left hand Bat,Left arm Medium fast, ,Sreenath Aravind,s aravind,sreenath aravind
341,S Badree,Right hand Bat,Legbreak, ,Samuel Badree,s badree,samuel badree
14278,AB McDonald,Right hand Bat,Right arm Fast medium, ,Andrew Barry McDonald,ab mcdonald,andrew barry mcdonald
4078,I Udana,Right hand Bat,Left arm Medium fast, ,Isuru Udana Tillakaratna,i udana,isuru udana tillakaratna
1998,M Ashwin,Right hand Bat,Legbreak Googly, ,Murugan Ashwin,m ashwin,murugan ashwin
13203,T Thushara,Left hand Bat,Left arm Fast medium, ,Magina Thilan Thushara Mirando,t thushara,magina thilan thushara mirando
14649,DR Martyn,Right hand Bat,Right arm Medium, ,Damien Richard Martyn,dr martyn,damien richard martyn
11998,LRPL Taylor,Right hand Bat,Right arm Offbreak, ,Luteru Ross Poutoa Lote Taylor,lrpl taylor,luteru ross poutoa lote taylor
12765,PM Sarvesh Kumar,Right hand Bat,Right arm Medium, ,PM Sarvesh Kumar,pm sarvesh kumar,pm sarvesh kumar
8312,Sikandar Raza,Right hand Bat,Right arm Offbreak, ,Sikandar Raza Butt,sikandar raza,sikandar raza butt
12842,Abdur Razzak,Left hand Bat,Slow Left arm Orthodox, ,Abdur Razzak,abdur razzak,abdur razzak
7005,DG Nalkande,Right hand Bat,Right arm Fast medium, ,Darshan Girish Nalkande,dg nalkande,darshan girish nalkande
16296,J Syed Mohammad,Left hand Bat,Slow Left arm Orthodox, ,Jamaluddin Syed Mohammad,j syed mohammad,jamaluddin syed mohammad
2745,KMA Paul,Right hand Bat,Right arm Fast medium, ,Keemo Mandela Angus Paul,kma paul,keemo mandela angus paul
14873,NLTC Perera,Left hand Bat,Right arm Medium fast, ,Narangoda Liyanaarachchilage Thisara Chirantha Perera,nltc perera,narangoda liyanaarachchilage thisara chirantha perera
1471,TK Curran,Right hand Bat,Right arm Fast medium, ,Thomas Kevin Curran,tk curran,thomas kevin curran
14454,Anirudh Singh,Left hand Bat,Right arm Medium, ,Anirudh Singh,anirudh singh,anirudh singh
3793,J Suchith,Left hand Bat,Slow Left arm Orthodox, ,Jagadeesha Suchith,j suchith,jagadeesha suchith
1581,Shivam Mavi,Right hand Bat,Right arm Fast medium, ,Shivam Pankaj Mavi,shivam mavi,shivam pankaj mavi
57,CA Lynn,Right hand Bat,Slow Left arm Orthodox, ,Christopher Austin Lynn,ca lynn,christopher austin lynn
12369,DP Vijaykumar,Right hand Bat,Right arm Medium, ,David Paidikalva Vijaykumar,dp vijaykumar,david paidikalva vijaykumar
178,SW Billings,Right hand Bat, ,Wicketkeeper,Samuel William Billings,sw billings,samuel william billings
33963,Y Gnaneswara Rao,Right hand Bat,Right arm Medium, ,Yalaka Gnaneswara Rao,y gnaneswara rao,yalaka gnaneswara rao
3641,O Thomas,Left hand Bat,Right arm Fast, ,Oshane Romaine Thomas,o thomas,oshane romaine thomas
7476,R Dhawan,Right hand Bat,Right arm Medium fast, ,Rishi Dhawan,r dhawan,rishi dhawan
15867,BA Bhatt,Left hand Bat,Slow Left arm Orthodox, ,Bhargav Ashok Bhatt,ba bhatt,bhargav ashok bhatt
12269,CRD Fernando,Right hand Bat,Right arm Fast medium, ,Congenige Randhi Dilhara Fernando,crd fernando,congenige randhi dilhara fernando
16009,R Ninan,Right hand Bat,Right arm Offbreak, ,Ryan Ninan,r ninan,ryan ninan
11,A Choudhary,Right hand Bat,Left arm Medium, ,Aniket Vinod Choudhary,a choudhary,aniket vinod choudhary
3100,AS Joseph,Right hand Bat,Right arm Fast, ,Alzarri Shaheim Joseph,as joseph,alzarri shaheim joseph
14303,CK Langeveldt,Right hand Bat,Right arm Fast medium, ,Charl Kenneth Langeveldt,ck langeveldt,charl kenneth langeveldt
14707,AB Barath,Right hand Bat,Right arm Offbreak, ,Adrian Boris Barath,ab barath,adrian boris barath
2138,DR Shorey,Right hand Bat,Right arm Offbreak, ,Dhruv Ranjan Shorey,dr shorey,dhruv ranjan shorey
753,SP Jackson,Right hand Bat, ,Wicketkeeper,Sheldon Philip Jackson,sp jackson,sheldon philip jackson
2,Mandeep Singh,Right hand Bat,Right arm Medium, ,Mandeep Singh,mandeep singh,mandeep singh
11956,SM Katich,Left hand Bat,Left arm Wrist spin, ,Simon Mathew Katich,sm katich,simon mathew katich
12234,JA Morkel,Left hand Bat,Right arm Medium fast, ,Johannes Albertus Morkel,ja morkel,johannes albertus morkel
50,DR Smith,Right hand Bat,Right arm Medium, ,Dwayne Romel Smith,dr smith,dwayne romel smith
13,S Dhawan,Left hand Bat,Right arm Offbreak, ,Shikhar Dhawan,s dhawan,shikhar dhawan
71,GJ Maxwell,Right hand Bat,Right arm Offbreak, ,Glenn James Maxwell,gj maxwell,glenn james maxwell
36973,UA Birla,Right hand Bat,Right arm Medium, ,Udit Alok Birla,ua birla,udit alok birla
316,C de Grandhomme,Right hand Bat,Right arm Medium fast, ,Colin de Grandhomme,c de grandhomme,colin de grandhomme
8646,YV Dhull,Right hand Bat,Right arm Offbreak, ,Yash Vijay Dhull,yv dhull,yash vijay dhull
34522,GB Hogg,Left hand Bat,Left arm Wrist spin, ,George Bradley Hogg,gb hogg,george bradley hogg
8776,Harpreet Singh,Left hand Bat,Right arm Medium, ,Harpreet Singh Bhatia,harpreet singh,harpreet singh bhatia
12546,J Arunkumar,Right hand Bat,Right arm Offbreak, ,Jagadeesh Arunkumar,j arunkumar,jagadeesh arunkumar
14712,SJ Srivastava,Right hand Bat,Left arm Fast medium, ,Shalabh Jagdishprasad Srivastava,sj srivastava,shalabh jagdishprasad srivastava
8082,R Sanjay Yadav,Left hand Bat,Slow Left arm Orthodox, ,Ramsingh  Sanjay Yadav,r sanjay yadav,ramsingh sanjay yadav
15150,SB Wagh,Left hand Bat,Left arm Medium fast, ,Shrikant Bhaskar Wagh,sb wagh,shrikant bhaskar wagh
228,Harbhajan Singh,Right hand Bat,Right arm Offbreak, ,Harbhajan Singh,harbhajan singh,harbhajan singh
1035,LMP Simmons,Right hand Bat,Right arm Medium fast,Occasional Wicketkeeper,Lendl Mark Platter Simmons,lmp simmons,lendl mark platter simmons
13502,Shoaib Ahmed,Right hand Bat,Right arm Fast medium, ,Syed Mohammad Shoaib Ahmed,shoaib ahmed,syed mohammad shoaib ahmed
13763,D du Preez,Right hand Bat,Right arm Fast medium, ,Dillon du Preez,d du preez,dillon du preez
3393,AJ Turner,Right hand Bat,Right arm Offbreak, ,Ashton James Turner,aj turner,ashton james turner
179,KK Nair,Right hand Bat,Right arm Offbreak, ,Karun Nair,kk nair,karun nair
184,PJ Cummins,Right hand Bat,Right arm Fast, ,Patrick James Cummins,pj cummins,patrick james cummins
5986,VR Iyer,Left hand Bat,Right arm Medium, ,Venkatesh Rajasekaran Iyer,vr iyer,venkatesh rajasekaran iyer
538,Mohammed Siraj,Right hand Bat,Right arm Fast, ,Mohammed Siraj,mohammed siraj,mohammed siraj
6727,A Badoni,Right hand Bat,Right arm Offbreak, ,Ayush Badoni,a badoni,ayush badoni
2766,N Pooran,Left hand Bat,Right arm Offbreak,Wicketkeeper,Nicholas Pooran,n pooran,nicholas pooran
9748,MD Shanaka,Right hand Bat,Right arm Medium, ,Madagamagamage Dasun Shanaka,md shanaka,madagamagamage dasun shanaka
6944,D Brevis,Right hand Bat,Legbreak, ,Dewald Brevis,d brevis,dewald brevis
15818,RV Gomez,Right hand Bat,Right arm Medium, ,Raiphi Vincent Gomez,rv gomez,raiphi vincent gomez
12007,AC Gilchrist,Left hand Bat,Right arm Offbreak,Wicketkeeper,Adam Craig Gilchrist,ac gilchrist,adam craig gilchrist
1377,E Lewis,Left hand Bat, , ,Evin Lewis,e lewis,evin lewis
4058,SS Cottrell,Right hand Bat,Left arm Fast medium, ,Sheldon Shane Cottrell,ss cottrell,sheldon shane cottrell
37119,Parvez Rasool,Right hand Bat,Right arm Offbreak, ,Parvez Ghulam Rasool Zargar,parvez rasool,parvez ghulam rasool zargar
1419,Mujeeb Ur Rahman,Right hand Bat,Right arm Offbreak, ,Mujeeb Ur Rahman,mujeeb ur rahman,mujeeb ur rahman
12010,A Symonds,Right hand Bat,"Right arm Medium, Right arm Offbreak", ,Andrew Symonds,a symonds,andrew symonds
13267,Harmeet Singh,Right hand Bat,Right arm Medium, ,Harmeet Singh Bansal,harmeet singh,harmeet singh bansal
3246,JL Denly,Right hand Bat,Legbreak, ,Joseph Liam Denly,jl denly,joseph liam denly
13250,RS Bopara,Right hand Bat,Right arm Medium, ,Ravinder Singh Bopara,rs bopara,ravinder singh bopara
1559,A Dananjaya,Left hand Bat,"Right arm Offbreak, Legbreak", ,Mahamarakkala Kurukulasooriya Patabendige Akila Dananjaya Perera,a dananjaya,mahamarakkala kurukulasooriya patabendige akila dananjaya perera
495,S Kaul,Right hand Bat,Right arm Medium, ,Siddarth Kaul,s kaul,siddarth kaul
34089,KH Devdhar,Right hand Bat, ,Wicketkeeper,Kedar Hemant Devdhar,kh devdhar,kedar hemant devdhar
34304,M de Lange,Right hand Bat,Right arm Fast, ,Marchant de Lange,m de lange,marchant de lange
11961,WA Mota,Right hand Bat,Right arm Medium, ,Wilkin Arvind Mota,wa mota,wilkin arvind mota
51,MS Gony,Right hand Bat,Right arm Medium, ,Manpreet Singh Gony,ms gony,manpreet singh gony
36609,X Thalaivan Sargunam,Right hand Bat,Right arm Offbreak, ,Xavier Thalaivan Sargunam,x thalaivan sargunam,xavier thalaivan sargunam
13198,A Flintoff,Right hand Bat,Right arm Fast medium, ,Andrew Flintoff,a flintoff,andrew flintoff
3076,SC Kuggeleijn,Right hand Bat,Right arm Fast medium, ,Scott Christopher Kuggeleijn,sc kuggeleijn,scott christopher kuggeleijn
219,AS Rajpoot,Right hand Bat,Right arm Medium, ,Ankit Singh Rajpoot,as rajpoot,ankit singh rajpoot
230,SL Malinga,Right hand Bat,Right arm Fast, ,Separamadu Lasith Malinga,sl malinga,separamadu lasith malinga
75,MM Sharma,Right hand Bat,Right arm Medium, ,Mohit Mahipal Sharma,mm sharma,mohit mahipal sharma
12014,SB Bangar,Right hand Bat,Right arm Medium fast, ,Sanjay Bapusaheb Bangar,sb bangar,sanjay bapusaheb bangar
12147,Sohail Tanvir,Left hand Bat,Left arm Medium fast, ,Sohail Tanvir,sohail tanvir,sohail tanvir
37979,BR Dunk,Left hand Bat,Right arm Offbreak,Wicketkeeper,Ben Robert Dunk,br dunk,ben robert dunk
308,I Sharma,Right hand Bat,Right arm Fast medium, ,Ishant Sharma,i sharma,ishant sharma
9371,Akash Madhwal,Right hand Bat,Right arm Medium fast, ,Akash Madhwal,akash madhwal,akash madhwal
40813,SM Boland,Right hand Bat,Right arm Fast medium, ,Scott Michael Boland,sm boland,scott michael boland
9931,H Sharma,Right hand Bat,Legbreak, ,Himanshu Sharma,h sharma,himanshu sharma
13497,AA Bilakhia,Right hand Bat,Right arm Medium, ,Azharuddin Anjum Bilakhia,aa bilakhia,azharuddin anjum bilakhia
35153,MJ Clarke,Right hand Bat,Slow Left arm Orthodox, ,Michael John Clarke,mj clarke,michael john clarke
8372,HC Brook,Right hand Bat,Right arm Medium, ,Harry Cherrington Brook,hc brook,harry cherrington brook
11919,SC Ganguly,Left hand Bat,Right arm Medium, ,Sourav Chandidas Ganguly,sc ganguly,sourav chandidas ganguly
4,KM Jadhav,Right hand Bat,Right arm Offbreak, ,Kedar Mahadav Jadhav,km jadhav,kedar mahadav jadhav
29,KA Pollard,Right hand Bat,Right arm Medium, ,Kieron Adrian Pollard,ka pollard,kieron adrian pollard
6713,PBB Rajapaksa,Left hand Bat,Right arm Medium, ,Pramod Bhanuka Bandara Rajapaksa,pbb rajapaksa,pramod bhanuka bandara rajapaksa
14622,SE Bond,Right hand Bat,Right arm Fast, ,Shane Edward Bond,se bond,shane edward bond
2329,JPR Scantlebury-Searles,Right hand Bat,Right arm Fast medium, ,Javon Philip Ramon Scantlebury-Searles,jpr scantlebury-searles,javon philip ramon scantlebury-searles
172,P Negi,Left hand Bat,Slow Left arm Orthodox, ,Pawan Negi,p negi,pawan negi
12032,DPMD Jayawardene,Right hand Bat,Right arm Medium, ,Denagamage Proboth Mahela de Silva Jayawardene,dpmd jayawardene,denagamage proboth mahela de silva jayawardene
604,MG Johnson,Left hand Bat,Left arm Fast, ,Mitchell Guy Johnson,mg johnson,mitchell guy johnson
12738,RR Powar,Right hand Bat,Right arm Offbreak, ,Ramesh Rajaram Powar,rr powar,ramesh rajaram powar
14726,FY Fazal,Left hand Bat,Right arm Medium, ,Faiz Yakub Fazal,fy fazal,faiz yakub fazal
11951,M Muralitharan,Right hand Bat,Right arm Offbreak, ,Muthiah Muralidaran,m muralitharan,muthiah muralidaran
12465,DT Patil,Right hand Bat, ,Wicketkeeper,Devraj Thyagaraj Patil,dt patil,devraj thyagaraj patil
11953,JR Hopes,Right hand Bat,Right arm Medium, ,James Redfern Hopes,jr hopes,james redfern hopes
16862,CJ Ferguson,Right hand Bat,Right arm Medium, ,Callum James Ferguson,cj ferguson,callum james ferguson
14985,KAJ Roach,Right hand Bat,Right arm Fast medium, ,Kemar Andre Jamal Roach,kaj roach,kemar andre jamal roach
400,EJG Morgan,Left hand Bat,Right arm Medium,Occasional Wicketkeeper,Eoin Joseph Gerard Morgan,ejg morgan,eoin joseph gerard morgan
9225,AJ Hosein,Left hand Bat,Slow Left arm Orthodox, ,Akeal Jerome Hosein,aj hosein,akeal jerome hosein
3,TM Head,Left hand Bat,Right arm Offbreak,Wicketkeeper,Travis Michael Head,tm head,travis michael head
44025,Brijesh Sharma,Right hand Bat,Right arm Medium,,Brijesh Sharma,brijesh sharma,brijesh sharma
389,SS Iyer,Right hand Bat,"Right arm Offbreak, Legbreak Googly", ,Shreyas Santosh Iyer,ss iyer,shreyas santosh iyer
6550,TH David,Right hand Bat,Right arm Offbreak, ,Timothy Hays David,th david,timothy hays david
4119,RD Gaikwad,Right hand Bat,Right arm Offbreak, ,Ruturaj Dashrat Gaikwad,rd gaikwad,ruturaj dashrat gaikwad
43977,Abhinandan Singh,Right hand Bat,Right arm Medium fast,,Abhinandan Singh,abhinandan singh,abhinandan singh
8945,PD Salt,Right hand Bat,Right arm Offbreak,Wicketkeeper,Philip Dean Salt,pd salt,philip dean salt
3505,SE Rutherford,Left hand Bat,Right arm Fast medium, ,Sherfane Eviston Rutherford,se rutherford,sherfane eviston rutherford
7024,Shashank Singh,Right hand Bat,"Right arm Medium, Right arm Offbreak", ,Shashank Singh,shashank singh,shashank singh
6880,JM Sharma,Right hand Bat, ,Wicketkeeper,Jitesh Mohan Sharma,jm sharma,jitesh mohan sharma
5407,M Shahrukh Khan,Right hand Bat,Right arm Offbreak, ,Masood Shahrukh Khan,m shahrukh khan,masood shahrukh khan
2349,Abhishek Sharma,Left hand Bat,Slow Left arm Orthodox, ,Abhishek Sharma,abhishek sharma,abhishek sharma
11781,Aniket Verma,Right hand Bat,Right arm Medium fast,,Aniket Verma,aniket verma,aniket verma
613,Washington Sundar,Left hand Bat,Right arm Offbreak, ,Washington Sundar,washington sundar,washington sundar
6885,VG Arora,Right hand Bat,Right arm Fast medium, ,Vaibhav Gopal Arora,vg arora,vaibhav gopal arora
1409,KL Rahul,Right hand Bat, ,Wicketkeeper,Kannaur Lokesh Rahul,kl rahul,kannaur lokesh rahul
6033,GD Phillips,Right hand Bat,Right arm Offbreak,Wicketkeeper,Glenn Dominic Phillips,gd phillips,glenn dominic phillips
1386,M Markande,Right hand Bat,Legbreak, ,Mayank Markande,m markande,mayank markande
1580,Shubman Gill,Right hand Bat,Right arm Offbreak, ,Shubman Gill,shubman gill,shubman gill
438,JD Unadkat,Right hand Bat,Left arm Medium, ,Jaydev Dipakbhai Unadkat,jd unadkat,jaydev dipakbhai unadkat
4047,A Nortje,Right hand Bat,Right arm Fast, ,Anrich Arno Nortje,a nortje,anrich arno nortje
8383,C Green,Right hand Bat,Right arm Fast medium, ,Cameron Donald Green,c green,cameron donald green
43967,JA Duffy,Right hand Bat,Right arm Fast medium,,Jacob Andrew Duffy,ja duffy,jacob andrew duffy
44981,DV Malewar,Right hand Bat,Legbreak,,Danish Vishnu Malewar,dv malewar,danish vishnu malewar
44988,Krish Bhagat,Right hand Bat,Right arm Medium,,Krish Bhagat,krish bhagat,krish bhagat
2188,M Prasidh Krishna,Right hand Bat,Right arm Fast medium, ,Muralikrishna Prasidh Krishna,m prasidh krishna,muralikrishna prasidh krishna
44713,Auqib Nabi,Right hand Bat,Right arm Medium,,Auqib Nabi,auqib nabi,auqib nabi
44781,LG Pretorius,Left hand Bat,,Wicketkeeper,Lhuan-dre Gilbert Pretorius,lg pretorius,lhuan-dre gilbert pretorius
43964,DA Payne,Right hand Bat,Left arm Fast medium,,David Alan Payne,da payne,david alan payne
43990,B Muzarabani,Right hand Bat,Right arm Fast medium,,Blessing Muzarabani,b muzarabani,blessing muzarabani
43981,FH Allen,Right hand Bat,,,Finnley Hugh Allen,fh allen,finnley hugh allen
44082,Shivang Kumar,Right hand Bat,Left arm Wrist spin,,Shivang Kumar,shivang kumar,shivang kumar
44845,Mayank Rawat,Right hand Bat,Right arm Offbreak,,Mayank Ram Rawat,mayank rawat,mayank ram rawat
44008,Kartik Sharma,Right hand Bat,,Wicketkeeper Batter,Kartik Sharma,kartik sharma,kartik sharma
44703,Gurjapneet Singh,Right hand Bat,Left arm Medium fast,,Gurjapneet Singh,gurjapneet singh,gurjapneet singh
44724,GF Linde,Left hand Bat,Slow Left arm Orthodox,,George Fredrik Linde,gf linde,george fredrik linde
44041,C Connolly,Left hand Bat,Slow Left arm Orthodox,,Cooper Patrick Leonard Connolly,c connolly,cooper patrick leonard connolly
44932,Yash Raj Punja,Right hand Bat,Legbreak Googly,,Yash Raj Punja,yash raj punja,yash raj punja
44105,PR Veer,Left hand Bat,Slow Left arm Orthodox,,Prashant Ramendra Veer,pr veer,prashant ramendra veer
44001,AM Ghazanfar,Right hand Bat,"Right arm Offbreak, Legbreak",,AM Ghazanfar,am ghazanfar,am ghazanfar
44765,Sakib Hussain,Right hand Bat,Right arm Medium,,Sakib Hussain,sakib hussain,sakib hussain
9824,Nithish Kumar Reddy,Right hand Bat,Right arm Medium fast, ,Kaki Nitish Kumar Reddy,nithish kumar reddy,kaki nitish kumar reddy
43960,S Arora,Right hand Bat,,Wicketkeeper,Salil Arora,s arora,salil arora
43649,Harsh Dubey,Left hand Bat,Slow Left arm Orthodox,,Harsh Surendra Dubey,harsh dubey,harsh surendra dubey
44036,Ashok Sharma,Right hand Bat,Right arm Fast,,Ashok Sharma,ashok sharma,ashok sharma
44775,PP Hinge,Right hand Bat,Right arm Medium fast,,Praful Prakash Hinge,pp hinge,praful prakash hinge
8475,Suyash Sharma,Right hand Bat,Legbreak Googly, ,Suyash Sharma,suyash sharma,suyash sharma
45004,D Madushanka,Right hand Bat,Right arm Medium fast,,K Dasun Madusanka,d madushanka,k dasun madusanka
42566,V Suryavanshi,Left hand Bat,Slow Left arm Orthodox,,Vaibhav Suryavanshi,v suryavanshi,vaibhav suryavanshi
26,N Rana,Left hand Bat,"Right arm Medium, Right arm Offbreak, Legbreak", ,Nitish Rana,n rana,nitish rana
45986,SU Parakh,Left hand Bat,Legbreak,,Sahil Ulhas Parakh,su parakh,sahil ulhas parakh
