player,team,matches,innings,wickets,balls_bowled,runs_conceded,wides,noballs,dot_balls,maiden_overs,pp_runs,pp_balls,mid_runs,mid_balls,death_runs,death_balls,overs,economy,avg,strike_rate,pp_economy,mid_economy,death_economy,pp_workload_pct,mid_workload_pct,death_workload_pct,sample_reliability_score,bowling_phase,two_plus_hauls,four_plus_hauls,five_wicket_hauls,season_start_year
AM Ghazanfar,Mumbai Indians,11,11,15,233,387,4,0,70,1,108,60,205,138,74,35,38.5,9.97,25.8,15.53,10.8,8.91,12.69,0.258,0.592,0.15,1.0,mid_economy,1,1,1,2026
Abdul Samad,Lucknow Super Giants,1,1,0,1,6,0,0,0,0,0,0,0,0,6,1,0.1,36.0,,,,,36.0,0.0,0.0,1.0,0.067,death_economy,0,0,0,2026
Abhinandan Singh,Royal Challengers Bengaluru,3,3,3,58,122,2,0,15,0,69,24,37,24,16,10,9.4,12.62,40.67,19.33,17.25,9.25,9.6,0.414,0.414,0.172,0.429,mid_economy,1,0,0,2026
Abhishek Sharma,Sunrisers Hyderabad,4,4,0,29,49,0,0,6,0,29,18,13,6,7,5,4.5,10.14,,,9.67,13.0,8.4,0.621,0.207,0.172,0.371,death_economy,0,0,0,2026
Adam Milne,Rajasthan Royals,1,1,0,20,40,1,0,3,0,22,12,0,0,18,8,3.2,12.0,,,11.0,,13.5,0.6,0.0,0.4,0.146,pp_economy,0,0,0,2026
Aiden Markram,Lucknow Super Giants,5,5,0,36,82,2,0,8,0,0,0,54,24,28,12,6.0,13.67,,,,13.5,14.0,0.0,0.667,0.333,0.462,mid_economy,0,0,0,2026
Akash Singh,Lucknow Super Giants,2,2,4,42,75,5,0,18,0,35,24,40,18,0,0,7.0,10.71,18.75,10.5,8.75,13.33,,0.571,0.429,0.0,0.3,pp_economy,1,1,0,2026
Akeal Hosein,Chennai Super Kings,7,7,9,148,197,1,2,58,1,92,66,91,72,14,10,24.4,7.99,21.89,16.44,8.36,7.58,8.4,0.446,0.486,0.068,0.938,mid_economy,1,1,1,2026
Anrich Nortje,Lucknow Super Giants,1,1,0,24,35,3,0,7,0,0,0,26,18,9,6,4.0,8.75,,,,8.67,9.0,0.0,0.75,0.25,0.162,mid_economy,0,0,0,2026
Anshul Kamboj,Chennai Super Kings,14,14,24,302,527,9,4,116,0,215,126,77,48,235,128,50.2,10.47,21.96,12.58,10.24,9.62,11.02,0.417,0.159,0.424,1.0,mid_economy,1,1,1,2026
Anukul Roy,Kolkata Knight Riders,12,12,8,163,260,21,0,53,0,93,60,124,78,43,25,27.1,9.57,32.5,20.38,9.3,9.54,10.32,0.368,0.479,0.153,1.0,pp_economy,1,1,1,2026
Arjun Tendulkar,Lucknow Super Giants,1,1,1,24,36,0,0,6,0,0,0,31,18,5,6,4.0,9.0,36.0,24.0,,10.33,5.0,0.0,0.75,0.25,0.162,death_economy,0,0,0,2026
Arshad Khan,Gujarat Titans,6,6,8,104,171,6,0,44,1,0,0,111,66,60,38,17.2,9.87,21.38,13.0,,10.09,9.47,0.0,0.635,0.365,0.808,death_economy,1,1,1,2026
Arshdeep Singh,Punjab Kings,14,14,14,318,535,25,1,109,0,256,168,128,72,151,78,53.0,10.09,38.21,22.71,9.14,10.67,11.62,0.528,0.226,0.245,1.0,pp_economy,1,1,1,2026
Ashok Sharma,Gujarat Titans,6,6,6,126,227,9,1,53,0,60,24,75,54,92,48,21.0,10.81,37.83,21.0,15.0,8.33,11.5,0.19,0.429,0.381,0.875,mid_economy,1,1,1,2026
Ashwani Kumar,Mumbai Indians,3,3,6,60,102,4,0,22,0,6,6,81,48,15,6,10.0,10.2,17.0,10.0,6.0,10.12,15.0,0.1,0.8,0.1,0.438,pp_economy,1,1,1,2026
Auqib Nabi,Delhi Capitals,5,5,0,78,149,3,3,26,0,139,72,10,6,0,0,13.0,11.46,,,11.58,10.0,,0.923,0.077,0.0,0.638,mid_economy,0,0,0,2026
Avesh Khan,Lucknow Super Giants,7,7,6,148,274,8,0,46,0,66,24,142,84,66,40,24.4,11.11,45.67,24.67,16.5,10.14,9.9,0.162,0.568,0.27,0.938,death_economy,1,1,1,2026
Axar Patel,Delhi Capitals,13,13,11,264,356,4,0,82,0,117,84,232,168,7,12,44.0,8.09,32.36,24.0,8.36,8.29,3.5,0.318,0.636,0.045,1.0,death_economy,1,1,1,2026
Ayush Badoni,Lucknow Super Giants,1,1,0,6,14,0,0,0,0,0,0,14,6,0,0,1.0,14.0,,,,14.0,,0.0,1.0,0.0,0.088,mid_economy,0,0,0,2026
Azmatullah Omarzai,Punjab Kings,3,3,3,66,103,3,0,23,0,53,30,29,18,21,18,11.0,9.36,34.33,22.0,10.6,9.67,7.0,0.455,0.273,0.273,0.462,death_economy,1,0,0,2026
Ben Dwarshuis,Punjab Kings,1,1,2,24,48,2,0,6,0,0,0,31,18,17,6,4.0,12.0,24.0,12.0,,10.33,17.0,0.0,0.75,0.25,0.162,mid_economy,1,0,0,2026
Bhuvneshwar Kumar,Royal Challengers Bengaluru,16,16,29,378,500,12,1,152,1,235,204,49,30,216,144,63.0,7.94,17.24,13.03,6.91,9.8,9.0,0.54,0.079,0.381,1.0,pp_economy,1,1,1,2026
Bishnoi,Rajasthan Royals,1,1,0,1,6,0,0,0,0,0,0,0,0,6,1,0.1,36.0,,,,,36.0,0.0,0.0,1.0,0.067,death_economy,0,0,0,2026
Blessing Muzarabani,Kolkata Knight Riders,2,2,5,42,75,2,0,13,0,40,18,10,12,25,12,7.0,10.71,15.0,8.4,13.33,5.0,12.5,0.429,0.286,0.286,0.3,mid_economy,1,1,1,2026
Brijesh Sharma,Rajasthan Royals,13,13,14,273,449,20,4,86,0,131,72,155,108,163,93,45.3,9.87,32.07,19.5,10.92,8.61,10.52,0.264,0.396,0.341,1.0,mid_economy,1,1,1,2026
Cameron Green,Kolkata Knight Riders,10,10,7,132,232,7,1,47,0,116,60,91,60,25,12,22.0,10.55,33.14,18.86,11.6,9.1,12.5,0.455,0.455,0.091,1.0,mid_economy,1,1,1,2026
Corbin Bosch,Mumbai Indians,6,6,13,121,195,3,2,46,1,20,12,101,72,74,37,20.1,9.67,15.0,9.31,10.0,8.42,12.0,0.099,0.595,0.306,0.875,mid_economy,1,1,1,2026
Dasun Shanaka,Rajasthan Royals,3,3,1,36,60,2,0,8,0,0,0,54,30,6,6,6.0,10.0,60.0,36.0,,10.8,6.0,0.0,0.833,0.167,0.338,death_economy,0,0,0,2026
David Payne,Sunrisers Hyderabad,2,2,2,30,70,1,0,5,0,43,12,27,18,0,0,5.0,14.0,35.0,15.0,21.5,9.0,,0.4,0.6,0.0,0.25,mid_economy,1,0,0,2026
Deepak Chahar,Mumbai Indians,8,8,8,153,265,9,0,58,0,155,102,44,18,66,33,25.3,10.39,33.12,19.12,9.12,14.67,12.0,0.667,0.118,0.216,1.0,pp_economy,1,1,1,2026
Digvesh Singh Rathi,Lucknow Super Giants,10,10,5,234,397,6,0,56,0,89,48,258,162,50,24,39.0,10.18,79.4,46.8,11.12,9.56,12.5,0.205,0.692,0.103,1.0,mid_economy,1,1,1,2026
Dilshan Madushanka,Sunrisers Hyderabad,1,1,1,24,35,3,0,8,0,16,12,19,12,0,0,4.0,8.75,35.0,24.0,8.0,9.5,,0.5,0.5,0.0,0.162,pp_economy,0,0,0,2026
Donovan Ferreira,Rajasthan Royals,3,3,1,18,41,0,0,2,0,0,0,25,12,16,6,3.0,13.67,41.0,18.0,,12.5,16.0,0.0,0.667,0.333,0.262,mid_economy,0,0,0,2026
Dushmantha Chameera,Delhi Capitals,1,1,0,12,18,0,0,5,0,18,12,0,0,0,0,2.0,9.0,,,9.0,,,1.0,0.0,0.0,0.112,pp_economy,0,0,0,2026
Eshan Malinga,Sunrisers Hyderabad,15,15,21,326,505,23,0,117,0,179,120,152,108,174,98,54.2,9.29,24.05,15.52,8.95,8.44,10.65,0.368,0.331,0.301,1.0,mid_economy,1,1,1,2026
George Linde,Lucknow Super Giants,3,3,1,37,55,0,0,10,0,0,0,51,36,4,1,6.1,8.92,55.0,37.0,,8.5,24.0,0.0,0.973,0.027,0.342,mid_economy,0,0,0,2026
Gurjapneet Singh,Chennai Super Kings,8,8,4,151,228,7,0,46,0,14,12,142,96,72,43,25.1,9.06,57.0,37.75,7.0,8.88,10.05,0.079,0.636,0.285,1.0,pp_economy,1,1,0,2026
Hardik Pandya,Mumbai Indians,9,9,4,136,257,11,2,41,0,110,48,105,72,42,16,22.4,11.34,64.25,34.0,13.75,8.75,15.75,0.353,0.529,0.118,1.0,mid_economy,1,1,0,2026
Harpreet Brar,Punjab Kings,2,2,2,48,60,1,0,16,0,21,18,39,30,0,0,8.0,7.5,30.0,24.0,7.0,7.8,,0.375,0.625,0.0,0.325,pp_economy,1,0,0,2026
Harsh Dubey,Sunrisers Hyderabad,8,8,8,132,226,6,0,38,0,69,42,115,60,42,30,22.0,10.27,28.25,16.5,9.86,11.5,8.4,0.318,0.455,0.227,1.0,death_economy,1,1,1,2026
Harshal Patel,Sunrisers Hyderabad,5,5,1,84,148,2,0,18,0,21,6,96,61,31,17,14.0,10.57,148.0,84.0,21.0,9.44,10.94,0.071,0.726,0.202,0.662,mid_economy,0,0,0,2026
Jacob Duffy,Royal Challengers Bengaluru,6,6,11,145,263,11,1,58,0,158,79,70,54,35,12,24.1,10.88,23.91,13.18,12.0,7.78,17.5,0.545,0.372,0.083,0.875,mid_economy,1,1,1,2026
Jamie Overton,Chennai Super Kings,10,10,14,168,249,8,0,60,0,17,6,121,96,111,66,28.0,8.89,17.79,12.0,17.0,7.56,10.09,0.036,0.571,0.393,1.0,mid_economy,1,1,1,2026
Jason Holder,Gujarat Titans,11,11,17,230,290,5,1,94,0,20,12,229,186,41,32,38.2,7.57,17.06,13.53,10.0,7.39,7.69,0.052,0.809,0.139,1.0,mid_economy,1,1,1,2026
Jasprit Bumrah,Mumbai Indians,13,13,5,294,408,16,7,111,0,209,144,93,72,106,78,49.0,8.33,81.6,58.8,8.71,7.75,8.15,0.49,0.245,0.265,1.0,mid_economy,1,1,1,2026
Jaydev Unadkat,Sunrisers Hyderabad,4,4,4,77,140,1,0,23,0,83,42,15,12,42,23,12.5,10.91,35.0,19.25,11.86,7.5,10.96,0.545,0.156,0.299,0.571,mid_economy,1,1,0,2026
Jofra Archer,Rajasthan Royals,16,16,29,360,546,17,1,158,1,327,204,60,54,159,102,60.0,9.1,18.83,12.41,9.62,6.67,9.35,0.567,0.15,0.283,1.0,mid_economy,1,1,1,2026
Josh Hazlewood,Royal Challengers Bengaluru,13,13,15,309,493,12,0,126,0,260,156,98,72,135,81,51.3,9.57,32.87,20.6,10.0,8.17,10.0,0.505,0.233,0.262,1.0,mid_economy,1,1,1,2026
Kagiso Rabada,Gujarat Titans,17,17,29,388,625,12,0,172,2,445,270,68,46,112,72,64.4,9.66,21.55,13.38,9.89,8.87,9.33,0.696,0.119,0.186,1.0,mid_economy,1,1,1,2026
Kartik Tyagi,Kolkata Knight Riders,13,13,19,306,498,7,4,113,0,125,66,161,120,212,120,51.0,9.76,26.21,16.11,11.36,8.05,10.6,0.216,0.392,0.392,1.0,mid_economy,1,1,1,2026
Khaleel Ahmed,Chennai Super Kings,5,5,2,101,145,4,0,43,0,98,78,21,12,26,11,16.5,8.61,72.5,50.5,7.54,10.5,14.18,0.772,0.119,0.109,0.733,pp_economy,1,0,0,2026
Krish Bhagat,Mumbai Indians,3,3,0,36,63,0,0,15,0,28,18,0,0,35,18,6.0,10.5,,,9.33,,11.67,0.5,0.0,0.5,0.338,pp_economy,0,0,0,2026
Krunal Pandya,Royal Challengers Bengaluru,15,15,15,304,426,10,0,88,0,19,12,372,277,35,15,50.4,8.41,28.4,20.27,9.5,8.06,14.0,0.039,0.911,0.049,1.0,mid_economy,1,1,1,2026
Kuldeep Yadav,Delhi Capitals,11,11,10,222,380,4,0,61,0,0,0,304,186,76,36,37.0,10.27,38.0,22.2,,9.81,12.67,0.0,0.838,0.162,1.0,mid_economy,1,1,1,2026
Kulwant Khejroliya,Gujarat Titans,1,1,0,12,31,1,2,3,0,0,0,31,12,0,0,2.0,15.5,,,,15.5,,0.0,1.0,0.0,0.112,mid_economy,0,0,0,2026
Kyle Jamieson,Delhi Capitals,2,2,2,42,90,0,0,11,0,75,36,0,0,15,6,7.0,12.86,45.0,21.0,12.5,,15.0,0.857,0.0,0.143,0.3,pp_economy,1,0,0,2026
Lockie Ferguson,Punjab Kings,3,3,1,66,141,4,0,20,0,66,30,19,12,56,24,11.0,12.82,141.0,66.0,13.2,9.5,14.0,0.455,0.182,0.364,0.462,mid_economy,0,0,0,2026
Lungi Ngidi,Delhi Capitals,11,11,13,248,340,7,0,96,0,133,96,63,48,144,104,41.2,8.23,26.15,19.08,8.31,7.88,8.31,0.387,0.194,0.419,1.0,mid_economy,1,1,1,2026
Madhav Tiwari,Delhi Capitals,3,3,4,60,86,8,0,20,0,0,0,64,48,22,12,10.0,8.6,21.5,15.0,,8.0,11.0,0.0,0.8,0.2,0.438,mid_economy,1,1,0,2026
Manav Suthar,Gujarat Titans,3,3,2,36,68,2,0,13,0,0,0,34,18,34,18,6.0,11.33,34.0,18.0,,11.33,11.33,0.0,0.5,0.5,0.338,mid_economy,1,0,0,2026
Manimaran Siddharth,Lucknow Super Giants,4,4,6,90,144,2,0,26,0,15,12,86,54,43,24,15.0,9.6,24.0,15.0,7.5,9.56,10.75,0.133,0.6,0.267,0.625,pp_economy,1,1,1,2026
Marco Jansen,Punjab Kings,12,12,9,284,479,10,0,86,0,177,108,144,96,158,80,47.2,10.12,53.22,31.56,9.83,9.0,11.85,0.38,0.338,0.282,1.0,mid_economy,1,1,1,2026
Marcus Stoinis,Punjab Kings,4,4,2,47,98,6,0,10,0,0,0,65,36,33,11,7.5,12.51,49.0,23.5,,10.83,18.0,0.0,0.766,0.234,0.446,mid_economy,1,0,0,2026
Matheesha Pathirana,Kolkata Knight Riders,1,1,0,8,9,2,0,4,0,9,8,0,0,0,0,1.2,6.75,,,6.75,,,1.0,0.0,0.0,0.096,pp_economy,0,0,0,2026
Matt Henry,Chennai Super Kings,3,3,2,60,130,1,0,10,0,77,36,41,18,12,6,10.0,13.0,65.0,30.0,12.83,13.67,12.0,0.6,0.3,0.1,0.438,death_economy,1,0,0,2026
Matthew Short,Chennai Super Kings,2,2,0,19,39,1,0,5,0,38,18,1,1,0,0,3.1,12.32,,,12.67,6.0,,0.947,0.053,0.0,0.204,mid_economy,0,0,0,2026
Mayank Markande,Mumbai Indians,3,3,0,30,76,1,0,5,0,0,0,76,30,0,0,5.0,15.2,,,,15.2,,0.0,1.0,0.0,0.312,mid_economy,0,0,0,2026
Mayank Yadav,Lucknow Super Giants,4,4,0,96,181,4,0,36,0,18,18,130,60,33,18,16.0,11.31,,,6.0,13.0,11.0,0.188,0.625,0.188,0.65,pp_economy,0,0,0,2026
Mitchell Santner,Mumbai Indians,4,4,5,84,125,3,0,32,0,41,18,77,60,7,6,14.0,8.93,25.0,16.8,13.67,7.7,7.0,0.214,0.714,0.071,0.6,death_economy,1,1,1,2026
Mitchell Starc,Delhi Capitals,6,6,13,131,217,7,0,53,0,110,66,46,30,61,35,21.5,9.94,16.69,10.08,10.0,9.2,10.46,0.504,0.229,0.267,0.875,mid_economy,1,1,1,2026
Mohammed Shami,Lucknow Super Giants,13,13,12,306,457,19,0,132,0,229,180,109,72,119,54,51.0,8.96,38.08,25.5,7.63,9.08,13.22,0.588,0.235,0.176,1.0,pp_economy,1,1,1,2026
Mohammed Siraj,Gujarat Titans,17,17,20,372,556,12,0,172,1,372,282,34,18,150,72,62.0,8.97,27.8,18.6,7.91,11.33,12.5,0.758,0.048,0.194,1.0,pp_economy,1,1,1,2026
Mohsin Khan,Lucknow Super Giants,7,7,11,168,228,3,0,69,3,109,84,77,54,42,30,28.0,8.14,20.73,15.27,7.79,8.56,8.4,0.5,0.321,0.179,0.938,pp_economy,1,1,1,2026
Mukesh Choudhary,Chennai Super Kings,8,8,9,168,247,8,0,72,0,147,108,44,30,56,30,28.0,8.82,27.44,18.67,8.17,8.8,11.2,0.643,0.179,0.179,1.0,pp_economy,1,1,1,2026
Mukesh Kumar,Delhi Capitals,10,10,8,188,352,14,1,62,0,190,102,77,44,85,42,31.2,11.23,44.0,23.5,11.18,10.5,12.14,0.543,0.234,0.223,1.0,mid_economy,1,1,1,2026
Nandre Burger,Rajasthan Royals,13,13,14,261,425,16,1,110,1,245,156,109,60,71,45,43.3,9.77,30.36,18.64,9.42,10.9,9.47,0.598,0.23,0.172,1.0,pp_economy,1,1,1,2026
Natarajan,Delhi Capitals,10,10,5,191,355,13,0,43,0,18,12,207,105,130,74,31.5,11.15,71.0,38.2,9.0,11.83,10.54,0.063,0.55,0.387,1.0,pp_economy,1,1,1,2026
Navdeep Saini,Kolkata Knight Riders,1,1,0,18,37,1,0,6,0,17,6,20,12,0,0,3.0,12.33,,,17.0,10.0,,0.333,0.667,0.0,0.138,mid_economy,0,0,0,2026
Nitish Rana,Delhi Capitals,1,1,1,24,55,2,0,7,0,26,12,29,12,0,0,4.0,13.75,55.0,24.0,13.0,14.5,,0.5,0.5,0.0,0.162,pp_economy,0,0,0,2026
Nitish Reddy,Sunrisers Hyderabad,14,14,9,186,323,10,1,57,0,113,66,193,108,17,12,31.0,10.42,35.89,20.67,10.27,10.72,8.5,0.355,0.581,0.065,1.0,death_economy,1,1,1,2026
Noor Ahmad,Chennai Super Kings,14,14,13,306,425,7,1,94,0,15,6,373,276,37,24,51.0,8.33,32.69,23.54,15.0,8.11,9.25,0.02,0.902,0.078,1.0,mid_economy,1,1,1,2026
Pat Cummins,Sunrisers Hyderabad,8,8,8,192,301,7,2,70,0,172,90,67,60,62,42,32.0,9.41,37.62,24.0,11.47,6.7,8.86,0.469,0.312,0.219,1.0,mid_economy,1,1,1,2026
Praful Hinge,Sunrisers Hyderabad,7,7,14,156,303,7,3,62,0,125,66,84,36,94,54,26.0,11.65,21.64,11.14,11.36,14.0,10.44,0.423,0.231,0.346,0.938,death_economy,1,1,1,2026
Prashant Veer,Chennai Super Kings,1,1,0,12,25,0,0,5,0,18,6,7,6,0,0,2.0,12.5,,,18.0,7.0,,0.5,0.5,0.0,0.112,mid_economy,0,0,0,2026
Prasidh Krishna,Gujarat Titans,12,12,18,234,407,8,0,79,0,28,12,255,162,124,60,39.0,10.44,22.61,13.0,14.0,9.44,12.4,0.051,0.692,0.256,1.0,mid_economy,1,1,1,2026
Prince Yadav,Lucknow Super Giants,14,15,19,312,461,17,0,119,0,169,114,125,96,167,102,52.0,8.87,24.26,16.42,8.89,7.81,9.82,0.365,0.308,0.327,1.0,mid_economy,1,1,1,2026
Raghu Sharma,Mumbai Indians,5,5,1,90,130,0,0,23,0,0,0,116,84,14,6,15.0,8.67,130.0,90.0,,8.29,14.0,0.0,0.933,0.067,0.688,mid_economy,0,0,0,2026
Rahul Chahar,Chennai Super Kings,1,1,0,24,46,1,0,4,0,0,0,32,18,14,6,4.0,11.5,,,,10.67,14.0,0.0,0.75,0.25,0.162,mid_economy,0,0,0,2026
Raj Bawa,Mumbai Indians,2,2,2,24,47,5,1,7,0,0,0,33,18,14,6,4.0,11.75,23.5,12.0,,11.0,14.0,0.0,0.75,0.25,0.225,mid_economy,1,0,0,2026
Ramakrishna Ghosh,Chennai Super Kings,1,1,1,18,24,0,0,6,0,0,0,24,18,0,0,3.0,8.0,24.0,18.0,,8.0,,0.0,1.0,0.0,0.138,mid_economy,0,0,0,2026
Ramandeep Singh,Kolkata Knight Riders,2,2,1,16,30,4,0,1,0,0,0,14,6,16,10,2.4,11.25,30.0,16.0,,14.0,9.6,0.0,0.375,0.625,0.192,death_economy,0,0,0,2026
Rashid Khan,Gujarat Titans,17,17,21,341,508,7,0,117,0,9,12,392,275,107,54,56.5,8.94,24.19,16.24,4.5,8.55,11.89,0.035,0.806,0.158,1.0,pp_economy,1,1,1,2026
Rasikh Salam Dar,Royal Challengers Bengaluru,12,12,19,257,404,12,2,84,1,143,102,124,72,137,83,42.5,9.43,21.26,13.53,8.41,10.33,9.9,0.397,0.28,0.323,1.0,pp_economy,1,1,1,2026
Ravi Bishnoi,Rajasthan Royals,9,9,11,155,251,7,1,42,0,20,18,192,114,39,23,25.5,9.72,22.82,14.09,6.67,10.11,10.17,0.116,0.735,0.148,1.0,pp_economy,1,1,1,2026
Ravindra Jadeja,Rajasthan Royals,12,12,10,197,276,4,0,53,0,0,0,276,197,0,0,32.5,8.41,27.6,19.7,,8.41,,0.0,1.0,0.0,1.0,mid_economy,1,1,1,2026
Ravindra Jadeka,Rajasthan Royals,1,1,0,1,1,0,0,0,0,0,0,1,1,0,0,0.1,6.0,,,,6.0,,0.0,1.0,0.0,0.067,mid_economy,0,0,0,2026
Riyan Parag,Rajasthan Royals,4,4,2,24,38,1,0,5,0,0,0,38,24,0,0,4.0,9.5,19.0,12.0,,9.5,,0.0,1.0,0.0,0.35,mid_economy,1,0,0,2026
Romario Shepherd,Royal Challengers Bengaluru,13,13,7,150,298,7,1,37,0,0,0,201,108,97,42,25.0,11.92,42.57,21.43,,11.17,13.86,0.0,0.72,0.28,1.0,mid_economy,1,1,1,2026
Sai Kishore,Gujarat Titans,2,2,1,24,46,0,0,6,0,0,0,46,24,0,0,4.0,11.5,46.0,24.0,,11.5,,0.0,1.0,0.0,0.225,mid_economy,0,0,0,2026
Sakib Hussain,Sunrisers Hyderabad,11,11,16,252,392,20,1,87,0,106,60,171,114,115,78,42.0,9.33,24.5,15.75,10.6,9.0,8.85,0.238,0.452,0.31,1.0,death_economy,1,1,1,2026
Sandeep Sharma,Rajasthan Royals,6,6,6,118,223,8,0,32,0,94,54,24,18,105,46,19.4,11.34,37.17,19.67,10.44,8.0,13.7,0.458,0.153,0.39,0.867,mid_economy,1,1,1,2026
Saurabh Dubey,Kolkata Knight Riders,4,4,5,77,100,8,0,41,0,57,52,0,0,43,25,12.5,7.79,20.0,15.4,6.58,,10.32,0.675,0.0,0.325,0.571,pp_economy,1,1,1,2026
Shahbaz Ahmed,Lucknow Super Giants,5,5,5,67,129,2,0,16,0,0,0,93,54,36,13,11.1,11.55,25.8,13.4,,10.33,16.62,0.0,0.806,0.194,0.592,mid_economy,1,1,1,2026
Shardul Thakur,Mumbai Indians,7,7,12,132,269,15,2,36,0,59,24,137,72,73,36,22.0,12.23,22.42,11.0,14.75,11.42,12.17,0.182,0.545,0.273,0.938,mid_economy,1,1,1,2026
Shashank Singh,Punjab Kings,4,4,4,60,88,2,0,17,0,0,0,61,48,27,12,10.0,8.8,22.0,15.0,,7.62,13.5,0.0,0.8,0.2,0.5,mid_economy,1,1,0,2026
Shivam Dube,Chennai Super Kings,4,4,1,30,64,2,0,6,0,0,0,64,30,0,0,5.0,12.8,64.0,30.0,,12.8,,0.0,1.0,0.0,0.375,mid_economy,0,0,0,2026
Shivang Kumar,Sunrisers Hyderabad,13,13,11,233,373,5,0,63,0,23,6,325,215,25,12,38.5,9.61,33.91,21.18,23.0,9.07,12.5,0.026,0.923,0.052,1.0,mid_economy,1,1,1,2026
Spencer Johnson,Chennai Super Kings,3,3,2,66,108,4,1,28,0,74,42,21,18,13,6,11.0,9.82,54.0,33.0,10.57,7.0,13.0,0.636,0.273,0.091,0.462,mid_economy,1,0,0,2026
Sunil Narine,Kolkata Knight Riders,13,14,17,309,340,0,0,139,0,97,75,194,180,49,54,51.3,6.6,20.0,18.18,7.76,6.47,5.44,0.243,0.583,0.175,1.0,death_economy,1,1,1,2026
Sushant Mishra,Rajasthan Royals,2,2,2,38,65,7,0,16,1,13,6,40,24,12,8,6.2,10.26,32.5,19.0,13.0,10.0,9.0,0.158,0.632,0.211,0.283,death_economy,1,0,0,2026
Suyash Sharma,Royal Challengers Bengaluru,12,12,9,245,376,8,0,73,2,0,0,357,222,19,23,40.5,9.21,41.78,27.22,,9.65,4.96,0.0,0.906,0.094,1.0,death_economy,1,1,1,2026
Tim David,Royal Challengers Bengaluru,1,1,0,6,18,0,0,1,0,0,0,18,6,0,0,1.0,18.0,,,,18.0,,0.0,1.0,0.0,0.088,mid_economy,0,0,0,2026
Travis Head,Sunrisers Hyderabad,1,1,1,6,7,0,0,2,0,0,0,0,0,7,6,1.0,7.0,7.0,6.0,,,7.0,0.0,0.0,1.0,0.088,death_economy,0,0,0,2026
Trent Boult,Mumbai Indians,5,5,2,97,187,9,0,25,0,108,48,38,24,41,25,16.1,11.57,93.5,48.5,13.5,9.5,9.84,0.495,0.247,0.258,0.717,mid_economy,1,0,0,2026
Tripurana Vijay,Delhi Capitals,1,1,0,12,29,0,0,2,0,18,6,11,6,0,0,2.0,14.5,,,18.0,11.0,,0.5,0.5,0.0,0.112,mid_economy,0,0,0,2026
Tushar Deshpande,Rajasthan Royals,7,7,4,138,273,11,0,40,0,81,48,95,42,97,48,23.0,11.87,68.25,34.5,10.12,13.57,12.12,0.348,0.304,0.348,0.938,pp_economy,1,1,0,2026
Vaibhav Arora,Kolkata Knight Riders,10,10,11,228,389,12,0,75,0,194,114,45,24,150,90,38.0,10.24,35.36,20.73,10.21,11.25,10.0,0.5,0.105,0.395,1.0,death_economy,1,1,1,2026
Varun Chakaravarthy,Kolkata Knight Riders,11,11,12,246,359,8,0,80,0,40,12,266,210,53,24,41.0,8.76,29.92,20.5,20.0,7.6,13.25,0.049,0.854,0.098,1.0,mid_economy,1,1,1,2026
Vijaykumar Vyshak,Punjab Kings,9,9,10,186,330,7,1,51,0,81,36,170,108,79,42,31.0,10.65,33.0,18.6,13.5,9.44,11.29,0.194,0.581,0.226,1.0,mid_economy,1,1,1,2026
Vipraj Nigam,Delhi Capitals,5,5,2,54,113,2,1,14,0,7,6,106,48,0,0,9.0,12.56,56.5,27.0,7.0,13.25,,0.111,0.889,0.0,0.538,pp_economy,1,0,0,2026
Washington Sundar,Gujarat Titans,5,5,1,55,84,0,0,14,0,0,0,63,48,21,7,9.1,9.16,84.0,55.0,,7.88,18.0,0.0,0.873,0.127,0.542,mid_economy,0,0,0,2026
Will Jacks,Mumbai Indians,6,6,2,53,94,5,0,20,0,51,24,36,24,7,5,8.5,10.64,47.0,26.5,12.75,9.0,8.4,0.453,0.453,0.094,0.596,death_economy,1,0,0,2026
Xavier Bartlett,Punjab Kings,9,9,5,201,384,7,1,56,0,177,88,81,42,126,71,33.3,11.46,76.8,40.2,12.07,11.57,10.65,0.438,0.209,0.353,1.0,death_economy,1,1,1,2026
Yash Raj Punja,Rajasthan Royals,8,8,9,180,280,6,0,48,0,13,6,248,156,19,18,30.0,9.33,31.11,20.0,13.0,9.54,6.33,0.033,0.867,0.1,1.0,death_economy,1,1,1,2026
Yash Thakur,Punjab Kings,1,1,2,24,51,1,1,8,0,22,12,7,6,22,6,4.0,12.75,25.5,12.0,11.0,7.0,22.0,0.5,0.25,0.25,0.162,mid_economy,1,0,0,2026
Yuzvendra Chahal,Punjab Kings,12,12,13,246,383,11,4,57,0,0,0,324,216,59,30,41.0,9.34,29.46,18.92,,9.0,11.8,0.0,0.878,0.122,1.0,mid_economy,1,1,1,2026
