competition,season,team,player_name,status,primary_role,batting_role,bowling_role,matches_played,batting_innings,runs,balls_faced,fours,sixes,dismissals,batting_strike_rate,batting_average,bowling_innings,balls_bowled,runs_conceded,wickets,bowling_economy,bowling_strike_rate,dot_balls,notes,source_note
IPL,2026,Chennai Super Kings,Akeal Hosein,Verified from Kaggle 2026 delivery data,Bowler,,,7,2,5,3,0,0,0,166.67,,7,148,197,9,7.99,16.44,0,,Derived from Kaggle IPL 2026 deliveries and squads data
IPL,2026,Chennai Super Kings,Aman Khan,Verified from Kaggle 2026 delivery data,All Rounder,,,0,0,0,0,0,0,0,,,0,0,0,0,,,0,,Derived from Kaggle IPL 2026 deliveries and squads data
IPL,2026,Chennai Super Kings,Anshul Kamboj,Verified from Kaggle 2026 delivery data,All Rounder,,,14,4,59,38,3,4,1,155.26,59.0,14,302,527,24,10.47,12.58,8,,Derived from Kaggle IPL 2026 deliveries and squads data
IPL,2026,Chennai Super Kings,Ayush Matre,Verified from Kaggle 2026 delivery data,Batter,,,0,0,0,0,0,0,0,,,0,0,0,0,,,0,,Derived from Kaggle IPL 2026 deliveries and squads data
IPL,2026,Chennai Super Kings,Dewald Brevis,Verified from Kaggle 2026 delivery data,Batter,,,8,8,151,118,8,10,8,127.97,18.88,0,0,0,0,,,45,,Derived from Kaggle IPL 2026 deliveries and squads data
IPL,2026,Chennai Super Kings,Gurjapneet Singh,Verified from Kaggle 2026 delivery data,Bowler,,,8,0,0,0,0,0,0,,,8,151,228,4,9.06,37.75,0,,Derived from Kaggle IPL 2026 deliveries and squads data
IPL,2026,Chennai Super Kings,Jamie Overton,Verified from Kaggle 2026 delivery data,All Rounder,,,10,6,136,86,13,6,5,158.14,27.2,10,168,249,14,8.89,12.0,26,,Derived from Kaggle IPL 2026 deliveries and squads data
IPL,2026,Chennai Super Kings,Kartik Sharma,Verified from Kaggle 2026 delivery data,Wicket Keeper,,,11,11,295,216,24,16,9,136.57,32.78,0,0,0,0,,,84,,Derived from Kaggle IPL 2026 deliveries and squads data
IPL,2026,Chennai Super Kings,Khaleel Ahmed,Verified from Kaggle 2026 delivery data,Bowler,,,5,0,0,0,0,0,0,,,5,101,145,2,8.61,50.5,0,,Derived from Kaggle IPL 2026 deliveries and squads data
IPL,2026,Chennai Super Kings,MS Dhoni,Verified from Kaggle 2026 delivery data,Wicket Keeper,,,0,0,0,0,0,0,0,,,0,0,0,0,,,0,,Derived from Kaggle IPL 2026 deliveries and squads data
IPL,2026,Chennai Super Kings,Matt Henry,Verified from Kaggle 2026 delivery data,Bowler,,,3,2,7,10,1,0,2,70.0,3.5,3,60,130,2,13.0,30.0,6,,Derived from Kaggle IPL 2026 deliveries and squads data
IPL,2026,Chennai Super Kings,Matthew Short,Verified from Kaggle 2026 delivery data,All Rounder,,,3,3,60,51,6,1,3,117.65,20.0,2,19,39,0,12.32,,19,,Derived from Kaggle IPL 2026 deliveries and squads data
IPL,2026,Chennai Super Kings,Mukesh Choudhary,Verified from Kaggle 2026 delivery data,Bowler,,,8,1,2,2,0,0,0,100.0,,8,168,247,9,8.82,18.67,1,,Derived from Kaggle IPL 2026 deliveries and squads data
IPL,2026,Chennai Super Kings,Nathan Ellis,Verified from Kaggle 2026 delivery data,Bowler,,,0,0,0,0,0,0,0,,,0,0,0,0,,,0,,Derived from Kaggle IPL 2026 deliveries and squads data
IPL,2026,Chennai Super Kings,Noor Ahmad,Verified from Kaggle 2026 delivery data,Bowler,,,14,4,11,23,0,1,3,47.83,3.67,14,306,425,13,8.33,23.54,17,,Derived from Kaggle IPL 2026 deliveries and squads data
IPL,2026,Chennai Super Kings,Prashant Veer,Verified from Kaggle 2026 delivery data,All Rounder,,,5,5,91,67,10,3,2,135.82,45.5,1,12,25,0,12.5,,24,,Derived from Kaggle IPL 2026 deliveries and squads data
IPL,2026,Chennai Super Kings,Rahul Chahar,Verified from Kaggle 2026 delivery data,Bowler,,,1,0,0,0,0,0,0,,,1,24,46,0,11.5,,0,,Derived from Kaggle IPL 2026 deliveries and squads data
IPL,2026,Chennai Super Kings,Ramakrishna Ghosh,Verified from Kaggle 2026 delivery data,All Rounder,,,1,0,0,0,0,0,0,,,1,18,24,1,8.0,18.0,0,,Derived from Kaggle IPL 2026 deliveries and squads data
IPL,2026,Chennai Super Kings,Ruturaj Gaikwad,Verified from Kaggle 2026 delivery data,Batter,,,14,14,337,273,29,12,12,123.44,28.08,0,0,0,0,,,104,,Derived from Kaggle IPL 2026 deliveries and squads data
IPL,2026,Chennai Super Kings,Sanju Samson,Verified from Kaggle 2026 delivery data,Wicket Keeper,,,14,14,475,287,53,24,11,165.51,43.18,0,0,0,0,,,99,,Derived from Kaggle IPL 2026 deliveries and squads data
IPL,2026,Chennai Super Kings,Sarfaraz Khan,Verified from Kaggle 2026 delivery data,Batter,,,7,7,161,95,23,6,7,169.47,23.0,0,0,0,0,,,37,,Derived from Kaggle IPL 2026 deliveries and squads data
IPL,2026,Chennai Super Kings,Shivam Dubey,Verified from Kaggle 2026 delivery data,All Rounder,,,0,0,0,0,0,0,0,,,0,0,0,0,,,0,,Derived from Kaggle IPL 2026 deliveries and squads data
IPL,2026,Chennai Super Kings,Shreyas Gopal,Verified from Kaggle 2026 delivery data,Bowler,,,0,0,0,0,0,0,0,,,0,0,0,0,,,0,,Derived from Kaggle IPL 2026 deliveries and squads data
IPL,2026,Chennai Super Kings,Spencer Johnson,Verified from Kaggle 2026 delivery data,Bowler,,,3,1,0,1,0,0,1,0.0,0.0,3,66,108,2,9.82,33.0,1,,Derived from Kaggle IPL 2026 deliveries and squads data
IPL,2026,Chennai Super Kings,Urvil Patel,Verified from Kaggle 2026 delivery data,Batter,,,7,7,129,64,6,14,7,201.56,18.43,0,0,0,0,,,27,,Derived from Kaggle IPL 2026 deliveries and squads data
IPL,2026,Chennai Super Kings,Zak Foulkes,Verified from Kaggle 2026 delivery data,All Rounder,,,0,0,0,0,0,0,0,,,0,0,0,0,,,0,,Derived from Kaggle IPL 2026 deliveries and squads data
IPL,2026,Delhi Capitals,Abhishek Porel,Verified from Kaggle 2026 delivery data,Wicket Keeper,,,0,0,0,0,0,0,0,,,0,0,0,0,,,0,,Derived from Kaggle IPL 2026 deliveries and squads data
IPL,2026,Delhi Capitals,Ajay Mandal,Verified from Kaggle 2026 delivery data,All Rounder,,,0,0,0,0,0,0,0,,,0,0,0,0,,,0,,Derived from Kaggle IPL 2026 deliveries and squads data
IPL,2026,Delhi Capitals,Ashutosh Sharma,Verified from Kaggle 2026 delivery data,All Rounder,,,8,8,171,94,15,12,5,181.91,34.2,0,0,0,0,,,30,,Derived from Kaggle IPL 2026 deliveries and squads data
IPL,2026,Delhi Capitals,Auqib Nabi,Verified from Kaggle 2026 delivery data,Bowler,,,5,2,14,4,2,1,1,350.0,14.0,5,78,149,0,11.46,,1,,Derived from Kaggle IPL 2026 deliveries and squads data
IPL,2026,Delhi Capitals,Axar Patel,Verified from Kaggle 2026 delivery data,All Rounder,,,13,11,173,132,16,6,9,131.06,19.22,13,264,356,11,8.09,24.0,44,,Derived from Kaggle IPL 2026 deliveries and squads data
IPL,2026,Delhi Capitals,Ben Duckett,Verified from Kaggle 2026 delivery data,Wicket Keeper,,,0,0,0,0,0,0,0,,,0,0,0,0,,,0,,Derived from Kaggle IPL 2026 deliveries and squads data
IPL,2026,Delhi Capitals,David Miller,Verified from Kaggle 2026 delivery data,Batter,,,10,10,211,137,15,14,6,154.01,35.17,0,0,0,0,,,45,,Derived from Kaggle IPL 2026 deliveries and squads data
IPL,2026,Delhi Capitals,Dushmantha Chameera,Verified from Kaggle 2026 delivery data,Bowler,,,1,1,0,3,0,0,0,0.0,,1,12,18,0,9.0,,3,,Derived from Kaggle IPL 2026 deliveries and squads data
IPL,2026,Delhi Capitals,KL Rahul,Verified from Kaggle 2026 delivery data,Wicket Keeper,,,1,1,0,1,0,0,0,0.0,,0,0,0,0,,,1,,Derived from Kaggle IPL 2026 deliveries and squads data
IPL,2026,Delhi Capitals,Karun Nair,Verified from Kaggle 2026 delivery data,Batter,,,2,2,18,18,3,0,2,100.0,9.0,0,0,0,0,,,10,,Derived from Kaggle IPL 2026 deliveries and squads data
IPL,2026,Delhi Capitals,Kuldeep Yadav,Verified from Kaggle 2026 delivery data,Bowler,,,11,4,9,21,0,0,2,42.86,4.5,11,222,380,10,10.27,22.2,12,,Derived from Kaggle IPL 2026 deliveries and squads data
IPL,2026,Delhi Capitals,Kyle Jamieson,Verified from Kaggle 2026 delivery data,Bowler,,,2,1,12,13,1,1,1,92.31,12.0,2,42,90,2,12.86,21.0,9,,Derived from Kaggle IPL 2026 deliveries and squads data
IPL,2026,Delhi Capitals,Lungi Ngidi,Verified from Kaggle 2026 delivery data,Bowler,,,11,3,4,7,0,0,2,57.14,2.0,11,248,340,13,8.23,19.08,3,,Derived from Kaggle IPL 2026 deliveries and squads data
IPL,2026,Delhi Capitals,Madhav Tiwari,Verified from Kaggle 2026 delivery data,All Rounder,,,3,1,18,8,2,1,0,225.0,,3,60,86,4,8.6,15.0,1,,Derived from Kaggle IPL 2026 deliveries and squads data
IPL,2026,Delhi Capitals,Mitchell Starc,Verified from Kaggle 2026 delivery data,Bowler,,,6,1,0,2,0,0,1,0.0,0.0,6,131,217,13,9.94,10.08,2,,Derived from Kaggle IPL 2026 deliveries and squads data
IPL,2026,Delhi Capitals,Mukesh Kumar,Verified from Kaggle 2026 delivery data,Bowler,,,10,0,0,0,0,0,0,,,10,188,352,8,11.23,23.5,0,,Derived from Kaggle IPL 2026 deliveries and squads data
IPL,2026,Delhi Capitals,Nitish Rana,Verified from Kaggle 2026 delivery data,Batter,,,9,9,225,149,27,10,9,151.01,25.0,1,24,55,1,13.75,24.0,60,,Derived from Kaggle IPL 2026 deliveries and squads data
IPL,2026,Delhi Capitals,Pathum Nissanka,Verified from Kaggle 2026 delivery data,Batter,,,10,10,277,175,33,12,9,158.29,30.78,0,0,0,0,,,65,,Derived from Kaggle IPL 2026 deliveries and squads data
IPL,2026,Delhi Capitals,Prithvi Shaw,Verified from Kaggle 2026 delivery data,Batter,,,0,0,0,0,0,0,0,,,0,0,0,0,,,0,,Derived from Kaggle IPL 2026 deliveries and squads data
IPL,2026,Delhi Capitals,Sahil Parakh,Verified from Kaggle 2026 delivery data,Batter,,,4,4,46,33,5,2,4,139.39,11.5,0,0,0,0,,,14,,Derived from Kaggle IPL 2026 deliveries and squads data
IPL,2026,Delhi Capitals,Sameer Rizvi,Verified from Kaggle 2026 delivery data,All Rounder,,,9,9,252,171,15,17,7,147.37,36.0,0,0,0,0,,,62,,Derived from Kaggle IPL 2026 deliveries and squads data
IPL,2026,Delhi Capitals,T Natrajan,Verified from Kaggle 2026 delivery data,Bowler,,,0,0,0,0,0,0,0,,,0,0,0,0,,,0,,Derived from Kaggle IPL 2026 deliveries and squads data
IPL,2026,Delhi Capitals,Tripurana Vijay,Verified from Kaggle 2026 delivery data,Bowler,,,1,0,0,0,0,0,0,,,1,12,29,0,14.5,,0,,Derived from Kaggle IPL 2026 deliveries and squads data
IPL,2026,Delhi Capitals,Tristan Stubbs,Verified from Kaggle 2026 delivery data,Wicket Keeper,,,13,13,275,216,18,9,6,127.31,45.83,0,0,0,0,,,62,,Derived from Kaggle IPL 2026 deliveries and squads data
IPL,2026,Delhi Capitals,Vipraj Nigam,Verified from Kaggle 2026 delivery data,Bowler,,,5,2,15,10,2,0,1,150.0,15.0,5,54,113,2,12.56,27.0,2,,Derived from Kaggle IPL 2026 deliveries and squads data
IPL,2026,Gujarat Titans,Anuj Rawat,Verified from Kaggle 2026 delivery data,Wicket Keeper,,,0,0,0,0,0,0,0,,,0,0,0,0,,,0,,Derived from Kaggle IPL 2026 deliveries and squads data
IPL,2026,Gujarat Titans,Arshad Khan,Verified from Kaggle 2026 delivery data,Bowler,,,6,2,23,11,1,2,1,209.09,23.0,6,104,171,8,9.87,13.0,2,,Derived from Kaggle IPL 2026 deliveries and squads data
IPL,2026,Gujarat Titans,Ashok Sharma,Verified from Kaggle 2026 delivery data,Bowler,,,6,2,1,4,0,0,0,25.0,,6,126,227,6,10.81,21.0,3,,Derived from Kaggle IPL 2026 deliveries and squads data
IPL,2026,Gujarat Titans,Glenn Phillips,Verified from Kaggle 2026 delivery data,All Rounder,,,5,5,67,54,4,2,4,124.07,16.75,0,0,0,0,,,14,,Derived from Kaggle IPL 2026 deliveries and squads data
IPL,2026,Gujarat Titans,Gurnoor Brar,Verified from Kaggle 2026 delivery data,Bowler,,,0,0,0,0,0,0,0,,,0,0,0,0,,,0,,Derived from Kaggle IPL 2026 deliveries and squads data
IPL,2026,Gujarat Titans,Ishant Sharma,Verified from Kaggle 2026 delivery data,Bowler,,,0,0,0,0,0,0,0,,,0,0,0,0,,,0,,Derived from Kaggle IPL 2026 deliveries and squads data
IPL,2026,Gujarat Titans,Jason Holder,Verified from Kaggle 2026 delivery data,All Rounder,,,11,7,65,52,3,3,5,125.0,13.0,11,230,290,17,7.57,13.53,18,,Derived from Kaggle IPL 2026 deliveries and squads data
IPL,2026,Gujarat Titans,Jayant Yadav,Verified from Kaggle 2026 delivery data,Bowler,,,0,0,0,0,0,0,0,,,0,0,0,0,,,0,,Derived from Kaggle IPL 2026 deliveries and squads data
IPL,2026,Gujarat Titans,Jos Buttler,Verified from Kaggle 2026 delivery data,Wicket Keeper,,,17,17,526,345,51,26,14,152.46,37.57,0,0,0,0,,,119,,Derived from Kaggle IPL 2026 deliveries and squads data
IPL,2026,Gujarat Titans,Kagiso Rabada,Verified from Kaggle 2026 delivery data,Bowler,,,17,4,47,38,5,2,2,123.68,23.5,17,388,625,29,9.66,13.38,17,,Derived from Kaggle IPL 2026 deliveries and squads data
IPL,2026,Gujarat Titans,Kulwant Khejroliya,Verified from Kaggle 2026 delivery data,Bowler,,,1,0,0,0,0,0,0,,,1,12,31,0,15.5,,0,,Derived from Kaggle IPL 2026 deliveries and squads data
IPL,2026,Gujarat Titans,Kumar Kushagra,Verified from Kaggle 2026 delivery data,Wicket Keeper,,,1,1,18,14,3,0,1,128.57,18.0,0,0,0,0,,,6,,Derived from Kaggle IPL 2026 deliveries and squads data
IPL,2026,Gujarat Titans,Luke Wood,Verified from Kaggle 2026 delivery data,Bowler,,,0,0,0,0,0,0,0,,,0,0,0,0,,,0,,Derived from Kaggle IPL 2026 deliveries and squads data
IPL,2026,Gujarat Titans,Manav Suthar,Verified from Kaggle 2026 delivery data,All Rounder,,,3,0,0,0,0,0,0,,,3,36,68,2,11.33,18.0,0,,Derived from Kaggle IPL 2026 deliveries and squads data
IPL,2026,Gujarat Titans,Mohammed Siraj,Verified from Kaggle 2026 delivery data,Bowler,,,17,2,5,16,1,0,2,31.25,2.5,17,372,556,20,8.97,18.6,14,,Derived from Kaggle IPL 2026 deliveries and squads data
IPL,2026,Gujarat Titans,Nishant Sindhu,Verified from Kaggle 2026 delivery data,All Rounder,,,5,5,63,50,7,2,5,126.0,12.6,0,0,0,0,,,22,,Derived from Kaggle IPL 2026 deliveries and squads data
IPL,2026,Gujarat Titans,Prasidh Krishna,Verified from Kaggle 2026 delivery data,Bowler,,,12,1,6,7,1,0,0,85.71,,12,234,407,18,10.44,13.0,4,,Derived from Kaggle IPL 2026 deliveries and squads data
IPL,2026,Gujarat Titans,Prithvi Raj,Verified from Kaggle 2026 delivery data,Bowler,,,0,0,0,0,0,0,0,,,0,0,0,0,,,0,,Derived from Kaggle IPL 2026 deliveries and squads data
IPL,2026,Gujarat Titans,Rahul Tewatia,Verified from Kaggle 2026 delivery data,All Rounder,,,15,15,190,132,20,8,7,143.94,27.14,0,0,0,0,,,47,,Derived from Kaggle IPL 2026 deliveries and squads data
IPL,2026,Gujarat Titans,Rashid Khan,Verified from Kaggle 2026 delivery data,All Rounder,,,17,6,50,41,4,2,4,121.95,12.5,17,341,508,21,8.94,16.24,17,,Derived from Kaggle IPL 2026 deliveries and squads data
IPL,2026,Gujarat Titans,Sai Kishore,Verified from Kaggle 2026 delivery data,Bowler,,,2,0,0,0,0,0,0,,,2,24,46,1,11.5,24.0,0,,Derived from Kaggle IPL 2026 deliveries and squads data
IPL,2026,Gujarat Titans,Sai Sudharsan,Verified from Kaggle 2026 delivery data,Batter,,,17,17,722,458,75,30,16,157.64,45.12,0,0,0,0,,,143,,Derived from Kaggle IPL 2026 deliveries and squads data
IPL,2026,Gujarat Titans,Shahrukh Khan,Verified from Kaggle 2026 delivery data,Batter,,,5,5,43,33,3,2,3,130.3,14.33,0,0,0,0,,,11,,Derived from Kaggle IPL 2026 deliveries and squads data
IPL,2026,Gujarat Titans,Shubman Gill,Verified from Kaggle 2026 delivery data,Batter,,,16,16,732,449,74,33,15,163.03,48.8,0,0,0,0,,,139,,Derived from Kaggle IPL 2026 deliveries and squads data
IPL,2026,Gujarat Titans,Tom Banton,Verified from Kaggle 2026 delivery data,Wicket Keeper,,,0,0,0,0,0,0,0,,,0,0,0,0,,,0,,Derived from Kaggle IPL 2026 deliveries and squads data
IPL,2026,Gujarat Titans,Washington Sundar,Verified from Kaggle 2026 delivery data,All Rounder,,,16,16,377,251,40,12,10,150.2,37.7,5,55,84,1,9.16,55.0,70,,Derived from Kaggle IPL 2026 deliveries and squads data
IPL,2026,Kolkata Knight Riders,Ajinkya Rahane,Verified from Kaggle 2026 delivery data,Batter,,,14,14,335,248,25,18,12,135.08,27.92,0,0,0,0,,,91,,Derived from Kaggle IPL 2026 deliveries and squads data
IPL,2026,Kolkata Knight Riders,Akash Deep,Verified from Kaggle 2026 delivery data,Bowler,,,0,0,0,0,0,0,0,,,0,0,0,0,,,0,,Derived from Kaggle IPL 2026 deliveries and squads data
IPL,2026,Kolkata Knight Riders,Angkrish Raghuvanshi,Verified from Kaggle 2026 delivery data,Batter,,,12,12,422,287,40,19,8,147.04,52.75,0,0,0,0,,,97,,Derived from Kaggle IPL 2026 deliveries and squads data
IPL,2026,Kolkata Knight Riders,Anukul Roy,Verified from Kaggle 2026 delivery data,All Rounder,,,12,7,52,39,3,2,4,133.33,13.0,12,163,260,8,9.57,20.38,12,,Derived from Kaggle IPL 2026 deliveries and squads data
IPL,2026,Kolkata Knight Riders,Blessing Muzarabani,Verified from Kaggle 2026 delivery data,Bowler,,,2,0,0,0,0,0,0,,,2,42,75,5,10.71,8.4,0,,Derived from Kaggle IPL 2026 deliveries and squads data
IPL,2026,Kolkata Knight Riders,Cameron Green,Verified from Kaggle 2026 delivery data,All Rounder,,,14,14,322,221,22,17,8,145.7,40.25,10,132,232,7,10.55,18.86,68,,Derived from Kaggle IPL 2026 deliveries and squads data
IPL,2026,Kolkata Knight Riders,Daksh Kamra,Verified from Kaggle 2026 delivery data,All Rounder,,,0,0,0,0,0,0,0,,,0,0,0,0,,,0,,Derived from Kaggle IPL 2026 deliveries and squads data
IPL,2026,Kolkata Knight Riders,Finn Allen,Verified from Kaggle 2026 delivery data,Batter,,,11,11,349,163,33,28,10,214.11,34.9,0,0,0,0,,,58,,Derived from Kaggle IPL 2026 deliveries and squads data
IPL,2026,Kolkata Knight Riders,Harshit Rana,Verified from Kaggle 2026 delivery data,Bowler,,,0,0,0,0,0,0,0,,,0,0,0,0,,,0,,Derived from Kaggle IPL 2026 deliveries and squads data
IPL,2026,Kolkata Knight Riders,Kartik Tyagi,Verified from Kaggle 2026 delivery data,Bowler,,,13,3,11,10,1,1,3,110.0,3.67,13,306,498,19,9.76,16.11,7,,Derived from Kaggle IPL 2026 deliveries and squads data
IPL,2026,Kolkata Knight Riders,Manish Pandey,Verified from Kaggle 2026 delivery data,Batter,,,2,2,70,49,8,2,2,142.86,35.0,0,0,0,0,,,15,,Derived from Kaggle IPL 2026 deliveries and squads data
IPL,2026,Kolkata Knight Riders,Matheesha Pathirana,Verified from Kaggle 2026 delivery data,Bowler,,,1,0,0,0,0,0,0,,,1,8,9,0,6.75,,0,,Derived from Kaggle IPL 2026 deliveries and squads data
IPL,2026,Kolkata Knight Riders,Mustafizur Rahman,Verified from Kaggle 2026 delivery data,Bowler,,,0,0,0,0,0,0,0,,,0,0,0,0,,,0,,Derived from Kaggle IPL 2026 deliveries and squads data
IPL,2026,Kolkata Knight Riders,Navdeep Saini,Verified from Kaggle 2026 delivery data,Bowler,,,1,0,0,0,0,0,0,,,1,18,37,0,12.33,,0,,Derived from Kaggle IPL 2026 deliveries and squads data
IPL,2026,Kolkata Knight Riders,Prashant Solanki,Verified from Kaggle 2026 delivery data,Bowler,,,0,0,0,0,0,0,0,,,0,0,0,0,,,0,,Derived from Kaggle IPL 2026 deliveries and squads data
IPL,2026,Kolkata Knight Riders,Rachin Ravindra,Verified from Kaggle 2026 delivery data,All Rounder,,,0,0,0,0,0,0,0,,,0,0,0,0,,,0,,Derived from Kaggle IPL 2026 deliveries and squads data
IPL,2026,Kolkata Knight Riders,Rahul Tripathi,Verified from Kaggle 2026 delivery data,Batter,,,0,0,0,0,0,0,0,,,0,0,0,0,,,0,,Derived from Kaggle IPL 2026 deliveries and squads data
IPL,2026,Kolkata Knight Riders,Ramandeep Singh,Verified from Kaggle 2026 delivery data,Batter,,,6,6,82,68,8,2,5,120.59,16.4,2,16,30,1,11.25,16.0,24,,Derived from Kaggle IPL 2026 deliveries and squads data
IPL,2026,Kolkata Knight Riders,Rinku Singh,Verified from Kaggle 2026 delivery data,Batter,,,11,12,299,199,28,11,5,150.25,59.8,0,0,0,0,,,56,,Derived from Kaggle IPL 2026 deliveries and squads data
IPL,2026,Kolkata Knight Riders,Rovman Powell,Verified from Kaggle 2026 delivery data,Batter,,,7,7,191,142,16,10,4,134.51,47.75,0,0,0,0,,,53,,Derived from Kaggle IPL 2026 deliveries and squads data
IPL,2026,Kolkata Knight Riders,Sarthak Ranjan,Verified from Kaggle 2026 delivery data,Batter,,,0,0,0,0,0,0,0,,,0,0,0,0,,,0,,Derived from Kaggle IPL 2026 deliveries and squads data
IPL,2026,Kolkata Knight Riders,Saurabh Dubey,Verified from Kaggle 2026 delivery data,Bowler,,,4,1,4,2,1,0,0,200.0,,4,77,100,5,7.79,15.4,1,,Derived from Kaggle IPL 2026 deliveries and squads data
IPL,2026,Kolkata Knight Riders,Sunil Narine,Verified from Kaggle 2026 delivery data,All Rounder,,,13,4,40,32,2,4,3,125.0,13.33,14,309,340,17,6.6,18.18,19,,Derived from Kaggle IPL 2026 deliveries and squads data
IPL,2026,Kolkata Knight Riders,Tejasvi Dahiya,Verified from Kaggle 2026 delivery data,Wicket Keeper,,,2,2,12,15,2,0,2,80.0,6.0,0,0,0,0,,,9,,Derived from Kaggle IPL 2026 deliveries and squads data
IPL,2026,Kolkata Knight Riders,Tim Seifert,Verified from Kaggle 2026 delivery data,Wicket Keeper,,,3,3,19,18,2,1,3,105.56,6.33,0,0,0,0,,,10,,Derived from Kaggle IPL 2026 deliveries and squads data
IPL,2026,Kolkata Knight Riders,Umran Malik,Verified from Kaggle 2026 delivery data,Bowler,,,0,0,0,0,0,0,0,,,0,0,0,0,,,0,,Derived from Kaggle IPL 2026 deliveries and squads data
IPL,2026,Kolkata Knight Riders,Vaibhav Arora,Verified from Kaggle 2026 delivery data,Bowler,,,10,2,1,3,0,0,0,33.33,,10,228,389,11,10.24,20.73,2,,Derived from Kaggle IPL 2026 deliveries and squads data
IPL,2026,Kolkata Knight Riders,Varun Chakravarthy,Verified from Kaggle 2026 delivery data,Bowler,,,0,0,0,0,0,0,0,,,0,0,0,0,,,0,,Derived from Kaggle IPL 2026 deliveries and squads data
IPL,2026,Lucknow Super Giants,Abdul Samad,Verified from Kaggle 2026 delivery data,Batter,,,7,7,116,88,10,5,6,131.82,19.33,1,1,6,0,36.0,,34,,Derived from Kaggle IPL 2026 deliveries and squads data
IPL,2026,Lucknow Super Giants,Aiden Markram,Verified from Kaggle 2026 delivery data,Batter,,,11,12,231,168,20,11,9,137.5,25.67,5,36,82,0,13.67,,56,,Derived from Kaggle IPL 2026 deliveries and squads data
IPL,2026,Lucknow Super Giants,Akash Singh,Verified from Kaggle 2026 delivery data,Bowler,,,2,0,0,0,0,0,0,,,2,42,75,4,10.71,10.5,0,,Derived from Kaggle IPL 2026 deliveries and squads data
IPL,2026,Lucknow Super Giants,Akshat Raghuvanshi,Verified from Kaggle 2026 delivery data,Batter,,,0,0,0,0,0,0,0,,,0,0,0,0,,,0,,Derived from Kaggle IPL 2026 deliveries and squads data
IPL,2026,Lucknow Super Giants,Anrich Nortje,Verified from Kaggle 2026 delivery data,Bowler,,,1,1,0,1,0,0,1,0.0,0.0,1,24,35,0,8.75,,1,,Derived from Kaggle IPL 2026 deliveries and squads data
IPL,2026,Lucknow Super Giants,Arjun Tendulkar,Verified from Kaggle 2026 delivery data,Bowler,,,1,1,5,5,0,0,0,100.0,,1,24,36,1,9.0,24.0,1,,Derived from Kaggle IPL 2026 deliveries and squads data
IPL,2026,Lucknow Super Giants,Arshin Kulkarni,Verified from Kaggle 2026 delivery data,All Rounder,,,2,2,17,25,1,0,2,68.0,8.5,0,0,0,0,,,14,,Derived from Kaggle IPL 2026 deliveries and squads data
IPL,2026,Lucknow Super Giants,Avesh Khan,Verified from Kaggle 2026 delivery data,Bowler,,,7,3,6,6,1,0,1,100.0,6.0,7,148,274,6,11.11,24.67,3,,Derived from Kaggle IPL 2026 deliveries and squads data
IPL,2026,Lucknow Super Giants,Ayush Badoni,Verified from Kaggle 2026 delivery data,Batter,,,10,10,215,141,23,9,10,152.48,21.5,1,6,14,0,14.0,,50,,Derived from Kaggle IPL 2026 deliveries and squads data
IPL,2026,Lucknow Super Giants,Digvesh Rathi,Verified from Kaggle 2026 delivery data,Bowler,,,0,0,0,0,0,0,0,,,0,0,0,0,,,0,,Derived from Kaggle IPL 2026 deliveries and squads data
IPL,2026,Lucknow Super Giants,Himmat Singh,Verified from Kaggle 2026 delivery data,Batter,,,5,5,92,69,5,5,3,133.33,30.67,0,0,0,0,,,21,,Derived from Kaggle IPL 2026 deliveries and squads data
IPL,2026,Lucknow Super Giants,Josh Inglis,Verified from Kaggle 2026 delivery data,Wicket Keeper,,,5,5,262,143,31,12,5,183.22,52.4,0,0,0,0,,,42,,Derived from Kaggle IPL 2026 deliveries and squads data
IPL,2026,Lucknow Super Giants,Manimaran Siddharth,Verified from Kaggle 2026 delivery data,Bowler,,,4,0,0,0,0,0,0,,,4,90,144,6,9.6,15.0,0,,Derived from Kaggle IPL 2026 deliveries and squads data
IPL,2026,Lucknow Super Giants,Matthew Breetzke,Verified from Kaggle 2026 delivery data,Batter,,,0,0,0,0,0,0,0,,,0,0,0,0,,,0,,Derived from Kaggle IPL 2026 deliveries and squads data
IPL,2026,Lucknow Super Giants,Mayank Yadav,Verified from Kaggle 2026 delivery data,Bowler,,,4,1,5,5,1,0,1,100.0,5.0,4,96,181,0,11.31,,3,,Derived from Kaggle IPL 2026 deliveries and squads data
IPL,2026,Lucknow Super Giants,Mitchell Marsh,Verified from Kaggle 2026 delivery data,All Rounder,,,13,13,563,345,51,36,12,163.19,46.92,0,0,0,0,,,124,,Derived from Kaggle IPL 2026 deliveries and squads data
IPL,2026,Lucknow Super Giants,Mohammed Shami,Verified from Kaggle 2026 delivery data,Bowler,,,13,7,31,22,2,3,5,140.91,6.2,13,306,457,12,8.96,25.5,12,,Derived from Kaggle IPL 2026 deliveries and squads data
IPL,2026,Lucknow Super Giants,Mohsin Khan,Verified from Kaggle 2026 delivery data,Bowler,,,7,2,0,4,0,0,2,0.0,0.0,7,168,228,11,8.14,15.27,4,,Derived from Kaggle IPL 2026 deliveries and squads data
IPL,2026,Lucknow Super Giants,Mukul Choudhary,Verified from Kaggle 2026 delivery data,Batter,,,10,10,170,120,11,12,6,141.67,28.33,0,0,0,0,,,48,,Derived from Kaggle IPL 2026 deliveries and squads data
IPL,2026,Lucknow Super Giants,Naman Tiwari,Verified from Kaggle 2026 delivery data,Bowler,,,0,0,0,0,0,0,0,,,0,0,0,0,,,0,,Derived from Kaggle IPL 2026 deliveries and squads data
IPL,2026,Lucknow Super Giants,Nicholas Pooran,Verified from Kaggle 2026 delivery data,Wicket Keeper,,,14,15,234,184,11,19,14,127.17,16.71,0,0,0,0,,,86,,Derived from Kaggle IPL 2026 deliveries and squads data
IPL,2026,Lucknow Super Giants,Prince Yadav,Verified from Kaggle 2026 delivery data,Bowler,,,14,1,0,1,0,0,0,0.0,,15,312,461,19,8.87,16.42,1,,Derived from Kaggle IPL 2026 deliveries and squads data
IPL,2026,Lucknow Super Giants,Rishabh Pant,Verified from Kaggle 2026 delivery data,Wicket Keeper,,,13,14,313,228,30,11,9,137.28,34.78,0,0,0,0,,,78,,Derived from Kaggle IPL 2026 deliveries and squads data
IPL,2026,Lucknow Super Giants,Shahbaz Ahmed,Verified from Kaggle 2026 delivery data,All Rounder,,,5,2,58,41,4,3,0,141.46,,5,67,129,5,11.55,13.4,12,,Derived from Kaggle IPL 2026 deliveries and squads data
IPL,2026,Lucknow Super Giants,Wanindu Hasaranga,Verified from Kaggle 2026 delivery data,All Rounder,,,0,0,0,0,0,0,0,,,0,0,0,0,,,0,,Derived from Kaggle IPL 2026 deliveries and squads data
IPL,2026,Mumbai Indians,AM Ghazanfar,Verified from Kaggle 2026 delivery data,Bowler,,,11,1,2,3,0,0,0,66.67,,11,233,387,15,9.97,15.53,1,,Derived from Kaggle IPL 2026 deliveries and squads data
IPL,2026,Mumbai Indians,Ashwani Kumar,Verified from Kaggle 2026 delivery data,Bowler,,,3,1,1,6,0,0,0,16.67,,3,60,102,6,10.2,10.0,5,,Derived from Kaggle IPL 2026 deliveries and squads data
IPL,2026,Mumbai Indians,Atharva Ankolekar,Verified from Kaggle 2026 delivery data,All Rounder,,,0,0,0,0,0,0,0,,,0,0,0,0,,,0,,Derived from Kaggle IPL 2026 deliveries and squads data
IPL,2026,Mumbai Indians,Corbin Bosch,Verified from Kaggle 2026 delivery data,All Rounder,,,6,4,50,31,5,2,1,161.29,50.0,6,121,195,13,9.67,9.31,10,,Derived from Kaggle IPL 2026 deliveries and squads data
IPL,2026,Mumbai Indians,Danish Malewar,Verified from Kaggle 2026 delivery data,Batter,,,2,2,2,5,0,0,2,40.0,1.0,0,0,0,0,,,3,,Derived from Kaggle IPL 2026 deliveries and squads data
IPL,2026,Mumbai Indians,Deepak Chahar,Verified from Kaggle 2026 delivery data,Bowler,,,8,4,25,19,3,1,2,131.58,12.5,8,153,265,8,10.39,19.12,10,,Derived from Kaggle IPL 2026 deliveries and squads data
IPL,2026,Mumbai Indians,Hardik Pandya,Verified from Kaggle 2026 delivery data,All Rounder,,,10,10,206,149,21,7,9,138.26,22.89,9,136,257,4,11.34,34.0,50,,Derived from Kaggle IPL 2026 deliveries and squads data
IPL,2026,Mumbai Indians,Jasprit Bumrah,Verified from Kaggle 2026 delivery data,Bowler,,,13,2,7,7,1,0,1,100.0,7.0,13,294,408,5,8.33,58.8,3,,Derived from Kaggle IPL 2026 deliveries and squads data
IPL,2026,Mumbai Indians,Mayank Markande,Verified from Kaggle 2026 delivery data,Bowler,,,3,0,0,0,0,0,0,,,3,30,76,0,15.2,,0,,Derived from Kaggle IPL 2026 deliveries and squads data
IPL,2026,Mumbai Indians,Mayank Rawat,Verified from Kaggle 2026 delivery data,All Rounder,,,0,0,0,0,0,0,0,,,0,0,0,0,,,0,,Derived from Kaggle IPL 2026 deliveries and squads data
IPL,2026,Mumbai Indians,Mitchell Santner,Verified from Kaggle 2026 delivery data,All Rounder,,,4,2,26,19,3,0,0,136.84,,4,84,125,5,8.93,16.8,3,,Derived from Kaggle IPL 2026 deliveries and squads data
IPL,2026,Mumbai Indians,Mohd Izhar,Verified from Kaggle 2026 delivery data,Bowler,,,0,0,0,0,0,0,0,,,0,0,0,0,,,0,,Derived from Kaggle IPL 2026 deliveries and squads data
IPL,2026,Mumbai Indians,Naman Dhir,Verified from Kaggle 2026 delivery data,All Rounder,,,14,14,318,216,31,13,12,147.22,26.5,0,0,0,0,,,68,,Derived from Kaggle IPL 2026 deliveries and squads data
IPL,2026,Mumbai Indians,Quinton de Kock,Verified from Kaggle 2026 delivery data,Wicket Keeper,,,3,3,132,81,9,9,2,162.96,66.0,0,0,0,0,,,26,,Derived from Kaggle IPL 2026 deliveries and squads data
IPL,2026,Mumbai Indians,Raghu Sharma,Verified from Kaggle 2026 delivery data,Bowler,,,5,0,0,0,0,0,0,,,5,90,130,1,8.67,90.0,0,,Derived from Kaggle IPL 2026 deliveries and squads data
IPL,2026,Mumbai Indians,Raj Bawa,Verified from Kaggle 2026 delivery data,All Rounder,,,2,1,16,14,1,0,1,114.29,16.0,2,24,47,2,11.75,12.0,6,,Derived from Kaggle IPL 2026 deliveries and squads data
IPL,2026,Mumbai Indians,Robin Minz,Verified from Kaggle 2026 delivery data,Wicket Keeper,,,2,2,6,4,1,0,1,150.0,6.0,0,0,0,0,,,1,,Derived from Kaggle IPL 2026 deliveries and squads data
IPL,2026,Mumbai Indians,Rohit Sharma,Verified from Kaggle 2026 delivery data,Batter,,,9,9,283,180,21,21,9,157.22,31.44,0,0,0,0,,,71,,Derived from Kaggle IPL 2026 deliveries and squads data
IPL,2026,Mumbai Indians,Ryan Rickelton,Verified from Kaggle 2026 delivery data,Wicket Keeper,,,12,12,448,240,31,38,11,186.67,40.73,0,0,0,0,,,84,,Derived from Kaggle IPL 2026 deliveries and squads data
IPL,2026,Mumbai Indians,Shardul Thakur,Verified from Kaggle 2026 delivery data,All Rounder,,,7,3,24,30,2,0,2,80.0,12.0,7,132,269,12,12.23,11.0,13,,Derived from Kaggle IPL 2026 deliveries and squads data
IPL,2026,Mumbai Indians,Sherfane Rutherford,Verified from Kaggle 2026 delivery data,Batter,,,7,7,123,75,5,12,5,164.0,24.6,0,0,0,0,,,29,,Derived from Kaggle IPL 2026 deliveries and squads data
IPL,2026,Mumbai Indians,Suryakumar Yadav,Verified from Kaggle 2026 delivery data,Batter,,,13,13,270,183,28,10,13,147.54,20.77,0,0,0,0,,,59,,Derived from Kaggle IPL 2026 deliveries and squads data
IPL,2026,Mumbai Indians,Tilak Varma,Verified from Kaggle 2026 delivery data,Batter,,,14,14,359,246,30,17,12,145.93,29.92,0,0,0,0,,,78,,Derived from Kaggle IPL 2026 deliveries and squads data
IPL,2026,Mumbai Indians,Trent Boult,Verified from Kaggle 2026 delivery data,Bowler,,,5,2,8,4,0,1,1,200.0,8.0,5,97,187,2,11.57,48.5,1,,Derived from Kaggle IPL 2026 deliveries and squads data
IPL,2026,Mumbai Indians,Will Jacks,Verified from Kaggle 2026 delivery data,All Rounder,,,7,7,139,76,12,9,5,182.89,27.8,6,53,94,2,10.64,26.5,22,,Derived from Kaggle IPL 2026 deliveries and squads data
IPL,2026,Punjab Kings,Arshdeep Singh,Verified from Kaggle 2026 delivery data,Bowler,,,14,1,1,1,0,0,0,100.0,,14,318,535,14,10.09,22.71,0,,Derived from Kaggle IPL 2026 deliveries and squads data
IPL,2026,Punjab Kings,Azmatullah Omarzai,Verified from Kaggle 2026 delivery data,All Rounder,,,3,2,52,27,3,5,2,192.59,26.0,3,66,103,3,9.36,22.0,10,,Derived from Kaggle IPL 2026 deliveries and squads data
IPL,2026,Punjab Kings,Ben Dwarshuis,Verified from Kaggle 2026 delivery data,Bowler,,,1,0,0,0,0,0,0,,,1,24,48,2,12.0,12.0,0,,Derived from Kaggle IPL 2026 deliveries and squads data
IPL,2026,Punjab Kings,Cooper Connolly,Verified from Kaggle 2026 delivery data,All Rounder,,,13,13,491,301,43,32,11,163.12,44.64,0,0,0,0,,,109,,Derived from Kaggle IPL 2026 deliveries and squads data
IPL,2026,Punjab Kings,Harnoor Singh,Verified from Kaggle 2026 delivery data,Batter,,,0,0,0,0,0,0,0,,,0,0,0,0,,,0,,Derived from Kaggle IPL 2026 deliveries and squads data
IPL,2026,Punjab Kings,Harpreet Brar,Verified from Kaggle 2026 delivery data,Bowler,,,2,1,5,3,1,0,0,166.67,,2,48,60,2,7.5,24.0,1,,Derived from Kaggle IPL 2026 deliveries and squads data
IPL,2026,Punjab Kings,Lockie Ferguson,Verified from Kaggle 2026 delivery data,Bowler,,,3,0,0,0,0,0,0,,,3,66,141,1,12.82,66.0,0,,Derived from Kaggle IPL 2026 deliveries and squads data
IPL,2026,Punjab Kings,Marco Jansen,Verified from Kaggle 2026 delivery data,All Rounder,,,12,5,51,45,1,3,4,113.33,12.75,12,284,479,9,10.12,31.56,16,,Derived from Kaggle IPL 2026 deliveries and squads data
IPL,2026,Punjab Kings,Marcus Stoinis,Verified from Kaggle 2026 delivery data,All Rounder,,,9,9,216,120,23,11,6,180.0,36.0,4,47,98,2,12.51,23.5,34,,Derived from Kaggle IPL 2026 deliveries and squads data
IPL,2026,Punjab Kings,Mitchell Owen,Verified from Kaggle 2026 delivery data,All Rounder,,,0,0,0,0,0,0,0,,,0,0,0,0,,,0,,Derived from Kaggle IPL 2026 deliveries and squads data
IPL,2026,Punjab Kings,Musheer Khan,Verified from Kaggle 2026 delivery data,All Rounder,,,0,0,0,0,0,0,0,,,0,0,0,0,,,0,,Derived from Kaggle IPL 2026 deliveries and squads data
IPL,2026,Punjab Kings,Nehal Wadhera,Verified from Kaggle 2026 delivery data,Batter,,,6,6,65,57,4,4,6,114.04,10.83,0,0,0,0,,,25,,Derived from Kaggle IPL 2026 deliveries and squads data
IPL,2026,Punjab Kings,Prabhsimran Singh,Verified from Kaggle 2026 delivery data,Wicket Keeper,,,13,13,510,302,55,23,12,168.87,42.5,0,0,0,0,,,91,,Derived from Kaggle IPL 2026 deliveries and squads data
IPL,2026,Punjab Kings,Praveen Dubey,Verified from Kaggle 2026 delivery data,Bowler,,,0,0,0,0,0,0,0,,,0,0,0,0,,,0,,Derived from Kaggle IPL 2026 deliveries and squads data
IPL,2026,Punjab Kings,Priyansh Arya,Verified from Kaggle 2026 delivery data,Batter,,,13,13,364,172,27,32,13,211.63,28.0,0,0,0,0,,,57,,Derived from Kaggle IPL 2026 deliveries and squads data
IPL,2026,Punjab Kings,Pyla Avinash,Verified from Kaggle 2026 delivery data,Batter,,,0,0,0,0,0,0,0,,,0,0,0,0,,,0,,Derived from Kaggle IPL 2026 deliveries and squads data
IPL,2026,Punjab Kings,Shashank Singh,Verified from Kaggle 2026 delivery data,All Rounder,,,9,9,132,70,11,8,6,188.57,22.0,4,60,88,4,8.8,15.0,16,,Derived from Kaggle IPL 2026 deliveries and squads data
IPL,2026,Punjab Kings,Shreyas Iyer,Verified from Kaggle 2026 delivery data,Batter,,,13,13,498,294,39,30,9,169.39,55.33,0,0,0,0,,,78,,Derived from Kaggle IPL 2026 deliveries and squads data
IPL,2026,Punjab Kings,Suryansh Shedge,Verified from Kaggle 2026 delivery data,All Rounder,,,7,7,158,90,9,12,4,175.56,39.5,0,0,0,0,,,25,,Derived from Kaggle IPL 2026 deliveries and squads data
IPL,2026,Punjab Kings,Vijaykumar Vyshak,Verified from Kaggle 2026 delivery data,Bowler,,,9,2,2,4,0,0,0,50.0,,9,186,330,10,10.65,18.6,2,,Derived from Kaggle IPL 2026 deliveries and squads data
IPL,2026,Punjab Kings,Vishal Nishad,Verified from Kaggle 2026 delivery data,Bowler,,,0,0,0,0,0,0,0,,,0,0,0,0,,,0,,Derived from Kaggle IPL 2026 deliveries and squads data
IPL,2026,Punjab Kings,Vishnu Vinod,Verified from Kaggle 2026 delivery data,Wicket Keeper,,,1,1,15,8,1,1,0,187.5,,0,0,0,0,,,2,,Derived from Kaggle IPL 2026 deliveries and squads data
IPL,2026,Punjab Kings,Xavier Bartlett,Verified from Kaggle 2026 delivery data,Bowler,,,9,3,29,13,2,2,1,223.08,29.0,9,201,384,5,11.46,40.2,3,,Derived from Kaggle IPL 2026 deliveries and squads data
IPL,2026,Punjab Kings,Yash Thakur,Verified from Kaggle 2026 delivery data,Bowler,,,1,0,0,0,0,0,0,,,1,24,51,2,12.75,12.0,0,,Derived from Kaggle IPL 2026 deliveries and squads data
IPL,2026,Punjab Kings,Yuzvendra Chahal,Verified from Kaggle 2026 delivery data,Bowler,,,12,0,0,0,0,0,0,,,12,246,383,13,9.34,18.92,0,,Derived from Kaggle IPL 2026 deliveries and squads data
IPL,2026,Rajasthan Royals,Adam Milne,Verified from Kaggle 2026 delivery data,Bowler,,,1,1,2,2,0,0,0,100.0,,1,20,40,0,12.0,,1,,Derived from Kaggle IPL 2026 deliveries and squads data
IPL,2026,Rajasthan Royals,Aman Rao,Verified from Kaggle 2026 delivery data,Batter,,,0,0,0,0,0,0,0,,,0,0,0,0,,,0,,Derived from Kaggle IPL 2026 deliveries and squads data
IPL,2026,Rajasthan Royals,Brijesh Sharma,Verified from Kaggle 2026 delivery data,Bowler,,,13,2,2,4,0,0,0,50.0,,13,273,449,14,9.87,19.5,2,,Derived from Kaggle IPL 2026 deliveries and squads data
IPL,2026,Rajasthan Royals,Dasun Shanaka,Verified from Kaggle 2026 delivery data,All Rounder,,,5,5,63,46,3,4,4,136.96,15.75,3,36,60,1,10.0,36.0,18,,Derived from Kaggle IPL 2026 deliveries and squads data
IPL,2026,Rajasthan Royals,Dhruv Jurel,Verified from Kaggle 2026 delivery data,Wicket Keeper,,,16,16,514,332,47,24,14,154.82,36.71,0,0,0,0,,,101,,Derived from Kaggle IPL 2026 deliveries and squads data
IPL,2026,Rajasthan Royals,Donovan Ferreira,Verified from Kaggle 2026 delivery data,All Rounder,,,13,13,317,177,26,23,9,179.1,35.22,3,18,41,1,13.67,18.0,64,,Derived from Kaggle IPL 2026 deliveries and squads data
IPL,2026,Rajasthan Royals,Jofra Archer,Verified from Kaggle 2026 delivery data,Bowler,,,16,10,64,47,4,4,5,136.17,12.8,16,360,546,29,9.1,12.41,19,,Derived from Kaggle IPL 2026 deliveries and squads data
IPL,2026,Rajasthan Royals,Kuldeep Sen,Verified from Kaggle 2026 delivery data,Bowler,,,0,0,0,0,0,0,0,,,0,0,0,0,,,0,,Derived from Kaggle IPL 2026 deliveries and squads data
IPL,2026,Rajasthan Royals,Kwena Maphaka,Verified from Kaggle 2026 delivery data,Bowler,,,0,0,0,0,0,0,0,,,0,0,0,0,,,0,,Derived from Kaggle IPL 2026 deliveries and squads data
IPL,2026,Rajasthan Royals,Lhuan-dre Pretorius,Verified from Kaggle 2026 delivery data,Wicket Keeper,,,2,2,7,8,0,0,1,87.5,7.0,0,0,0,0,,,3,,Derived from Kaggle IPL 2026 deliveries and squads data
IPL,2026,Rajasthan Royals,Nandre Burger,Verified from Kaggle 2026 delivery data,Bowler,,,13,3,14,9,0,1,1,155.56,14.0,13,261,425,14,9.77,18.64,2,,Derived from Kaggle IPL 2026 deliveries and squads data
IPL,2026,Rajasthan Royals,Ravi Bishnoi,Verified from Kaggle 2026 delivery data,Bowler,,,9,2,0,3,0,0,2,0.0,0.0,9,155,251,11,9.72,14.09,3,,Derived from Kaggle IPL 2026 deliveries and squads data
IPL,2026,Rajasthan Royals,Ravi Singh,Verified from Kaggle 2026 delivery data,Batter,,,1,1,4,2,1,0,1,200.0,4.0,0,0,0,0,,,1,,Derived from Kaggle IPL 2026 deliveries and squads data
IPL,2026,Rajasthan Royals,Ravindra Jadeja,Verified from Kaggle 2026 delivery data,All Rounder,,,12,11,266,197,24,5,4,135.03,66.5,12,197,276,10,8.41,19.7,56,,Derived from Kaggle IPL 2026 deliveries and squads data
IPL,2026,Rajasthan Royals,Riyan Parag,Verified from Kaggle 2026 delivery data,Batter,,,14,14,309,196,24,21,13,157.65,23.77,4,24,38,2,9.5,12.0,75,,Derived from Kaggle IPL 2026 deliveries and squads data
IPL,2026,Rajasthan Royals,Sam Curran,Verified from Kaggle 2026 delivery data,All Rounder,,,0,0,0,0,0,0,0,,,0,0,0,0,,,0,,Derived from Kaggle IPL 2026 deliveries and squads data
IPL,2026,Rajasthan Royals,Sandeep Sharma,Verified from Kaggle 2026 delivery data,Bowler,,,6,0,0,0,0,0,0,,,6,118,223,6,11.34,19.67,0,,Derived from Kaggle IPL 2026 deliveries and squads data
IPL,2026,Rajasthan Royals,Shimron Hetmyer,Verified from Kaggle 2026 delivery data,Batter,,,7,7,78,69,5,3,6,113.04,13.0,0,0,0,0,,,29,,Derived from Kaggle IPL 2026 deliveries and squads data
IPL,2026,Rajasthan Royals,Shubham Dubey,Verified from Kaggle 2026 delivery data,Batter,,,6,6,81,58,8,3,4,139.66,20.25,0,0,0,0,,,20,,Derived from Kaggle IPL 2026 deliveries and squads data
IPL,2026,Rajasthan Royals,Sushant Mishra,Verified from Kaggle 2026 delivery data,Bowler,,,2,1,1,3,0,0,0,33.33,,2,38,65,2,10.26,19.0,2,,Derived from Kaggle IPL 2026 deliveries and squads data
IPL,2026,Rajasthan Royals,Tushar Deshpande,Verified from Kaggle 2026 delivery data,Bowler,,,7,2,26,14,0,3,2,185.71,13.0,7,138,273,4,11.87,34.5,5,,Derived from Kaggle IPL 2026 deliveries and squads data
IPL,2026,Rajasthan Royals,Vaibhav Sooryavanshi,Verified from Kaggle 2026 delivery data,Batter,,,16,16,776,327,63,72,16,237.31,48.5,0,0,0,0,,,108,,Derived from Kaggle IPL 2026 deliveries and squads data
IPL,2026,Rajasthan Royals,Vignesh Puthur,Verified from Kaggle 2026 delivery data,Bowler,,,0,0,0,0,0,0,0,,,0,0,0,0,,,0,,Derived from Kaggle IPL 2026 deliveries and squads data
IPL,2026,Rajasthan Royals,Yash Raj Punja,Verified from Kaggle 2026 delivery data,Bowler,,,8,0,0,0,0,0,0,,,8,180,280,9,9.33,20.0,0,,Derived from Kaggle IPL 2026 deliveries and squads data
IPL,2026,Rajasthan Royals,Yashasvi Jaiswal,Verified from Kaggle 2026 delivery data,Batter,,,16,16,426,279,52,18,14,152.69,30.43,0,0,0,0,,,111,,Derived from Kaggle IPL 2026 deliveries and squads data
IPL,2026,Rajasthan Royals,Yudhvir Singh,Verified from Kaggle 2026 delivery data,Bowler,,,0,0,0,0,0,0,0,,,0,0,0,0,,,0,,Derived from Kaggle IPL 2026 deliveries and squads data
IPL,2026,Royal Challengers Bengaluru,Abhinandan Singh,Verified from Kaggle 2026 delivery data,Bowler,,,3,0,0,0,0,0,0,,,3,58,122,3,12.62,19.33,0,,Derived from Kaggle IPL 2026 deliveries and squads data
IPL,2026,Royal Challengers Bengaluru,Bhuvneshwar Kumar,Verified from Kaggle 2026 delivery data,Bowler,,,16,4,34,26,3,1,0,130.77,,16,378,500,29,7.94,13.03,10,,Derived from Kaggle IPL 2026 deliveries and squads data
IPL,2026,Royal Challengers Bengaluru,Devdutt Padikal,Verified from Kaggle 2026 delivery data,Batter,,,0,0,0,0,0,0,0,,,0,0,0,0,,,0,,Derived from Kaggle IPL 2026 deliveries and squads data
IPL,2026,Royal Challengers Bengaluru,Jacob Bethell,Verified from Kaggle 2026 delivery data,All Rounder,,,7,7,96,77,12,3,7,124.68,13.71,0,0,0,0,,,33,,Derived from Kaggle IPL 2026 deliveries and squads data
IPL,2026,Royal Challengers Bengaluru,Jacob Duffy,Verified from Kaggle 2026 delivery data,Bowler,,,6,0,0,0,0,0,0,,,6,145,263,11,10.88,13.18,0,,Derived from Kaggle IPL 2026 deliveries and squads data
IPL,2026,Royal Challengers Bengaluru,Jitesh Sharma,Verified from Kaggle 2026 delivery data,Wicket Keeper,,,12,12,117,96,9,6,9,121.88,13.0,0,0,0,0,,,43,,Derived from Kaggle IPL 2026 deliveries and squads data
IPL,2026,Royal Challengers Bengaluru,Jordan Cox,Verified from Kaggle 2026 delivery data,Wicket Keeper,,,0,0,0,0,0,0,0,,,0,0,0,0,,,0,,Derived from Kaggle IPL 2026 deliveries and squads data
IPL,2026,Royal Challengers Bengaluru,Josh Hazlewood,Verified from Kaggle 2026 delivery data,Bowler,,,13,1,0,1,0,0,1,0.0,0.0,13,309,493,15,9.57,20.6,1,,Derived from Kaggle IPL 2026 deliveries and squads data
IPL,2026,Royal Challengers Bengaluru,Kanishk Chouhan,Verified from Kaggle 2026 delivery data,All Rounder,,,0,0,0,0,0,0,0,,,0,0,0,0,,,0,,Derived from Kaggle IPL 2026 deliveries and squads data
IPL,2026,Royal Challengers Bengaluru,Krunal Pandya,Verified from Kaggle 2026 delivery data,All Rounder,,,15,9,226,155,20,11,5,145.81,45.2,15,304,426,15,8.41,20.27,53,,Derived from Kaggle IPL 2026 deliveries and squads data
IPL,2026,Royal Challengers Bengaluru,Mangesh Yadav,Verified from Kaggle 2026 delivery data,All Rounder,,,0,0,0,0,0,0,0,,,0,0,0,0,,,0,,Derived from Kaggle IPL 2026 deliveries and squads data
IPL,2026,Royal Challengers Bengaluru,Nuwan Thushara,Verified from Kaggle 2026 delivery data,Bowler,,,0,0,0,0,0,0,0,,,0,0,0,0,,,0,,Derived from Kaggle IPL 2026 deliveries and squads data
IPL,2026,Royal Challengers Bengaluru,Phil Salt,Verified from Kaggle 2026 delivery data,Wicket Keeper,,,6,6,202,120,16,11,6,168.33,33.67,0,0,0,0,,,38,,Derived from Kaggle IPL 2026 deliveries and squads data
IPL,2026,Royal Challengers Bengaluru,Rajat Patidar,Verified from Kaggle 2026 delivery data,Batter,,,14,14,500,259,30,42,12,193.05,41.67,0,0,0,0,,,68,,Derived from Kaggle IPL 2026 deliveries and squads data
IPL,2026,Royal Challengers Bengaluru,Rasikh Salam,Verified from Kaggle 2026 delivery data,Bowler,,,0,0,0,0,0,0,0,,,0,0,0,0,,,0,,Derived from Kaggle IPL 2026 deliveries and squads data
IPL,2026,Royal Challengers Bengaluru,Romario Shepherd,Verified from Kaggle 2026 delivery data,All Rounder,,,13,7,83,66,6,5,4,125.76,20.75,13,150,298,7,11.92,21.43,27,,Derived from Kaggle IPL 2026 deliveries and squads data
IPL,2026,Royal Challengers Bengaluru,Satvik Deswal,Verified from Kaggle 2026 delivery data,Bowler,,,0,0,0,0,0,0,0,,,0,0,0,0,,,0,,Derived from Kaggle IPL 2026 deliveries and squads data
IPL,2026,Royal Challengers Bengaluru,Suyash Sharma,Verified from Kaggle 2026 delivery data,Bowler,,,12,0,0,0,0,0,0,,,12,245,376,9,9.21,27.22,0,,Derived from Kaggle IPL 2026 deliveries and squads data
IPL,2026,Royal Challengers Bengaluru,Swapnil Singh,Verified from Kaggle 2026 delivery data,Bowler,,,0,0,0,0,0,0,0,,,0,0,0,0,,,0,,Derived from Kaggle IPL 2026 deliveries and squads data
IPL,2026,Royal Challengers Bengaluru,Tim David,Verified from Kaggle 2026 delivery data,Batter,,,15,15,305,162,22,23,9,188.27,33.89,1,6,18,0,18.0,,43,,Derived from Kaggle IPL 2026 deliveries and squads data
IPL,2026,Royal Challengers Bengaluru,Venkatesh Iyer,Verified from Kaggle 2026 delivery data,All Rounder,,,6,6,209,112,21,13,4,186.61,52.25,0,0,0,0,,,38,,Derived from Kaggle IPL 2026 deliveries and squads data
IPL,2026,Royal Challengers Bengaluru,Vicky Ostwal,Verified from Kaggle 2026 delivery data,Bowler,,,0,0,0,0,0,0,0,,,0,0,0,0,,,0,,Derived from Kaggle IPL 2026 deliveries and squads data
IPL,2026,Royal Challengers Bengaluru,Vihaan Malhotra,Verified from Kaggle 2026 delivery data,All Rounder,,,0,0,0,0,0,0,0,,,0,0,0,0,,,0,,Derived from Kaggle IPL 2026 deliveries and squads data
IPL,2026,Royal Challengers Bengaluru,Virat Kohli,Verified from Kaggle 2026 delivery data,Batter,,,16,16,675,408,73,25,12,165.44,56.25,0,0,0,0,,,107,,Derived from Kaggle IPL 2026 deliveries and squads data
IPL,2026,Royal Challengers Bengaluru,Yash Dayal,Verified from Kaggle 2026 delivery data,Bowler,,,0,0,0,0,0,0,0,,,0,0,0,0,,,0,,Derived from Kaggle IPL 2026 deliveries and squads data
IPL,2026,Sunrisers Hyderabad,Abhishek Sharma,Verified from Kaggle 2026 delivery data,All Rounder,,,15,15,563,275,50,43,14,204.73,40.21,4,29,49,0,10.14,,89,,Derived from Kaggle IPL 2026 deliveries and squads data
IPL,2026,Sunrisers Hyderabad,Amit Kumar,Verified from Kaggle 2026 delivery data,Bowler,,,0,0,0,0,0,0,0,,,0,0,0,0,,,0,,Derived from Kaggle IPL 2026 deliveries and squads data
IPL,2026,Sunrisers Hyderabad,Aniket Verma,Verified from Kaggle 2026 delivery data,Batter,,,8,8,79,54,6,5,5,146.3,15.8,0,0,0,0,,,20,,Derived from Kaggle IPL 2026 deliveries and squads data
IPL,2026,Sunrisers Hyderabad,Brydon Carse,Verified from Kaggle 2026 delivery data,All Rounder,,,0,0,0,0,0,0,0,,,0,0,0,0,,,0,,Derived from Kaggle IPL 2026 deliveries and squads data
IPL,2026,Sunrisers Hyderabad,David Payne,Verified from Kaggle 2026 delivery data,Bowler,,,2,1,6,5,0,0,0,120.0,,2,30,70,2,14.0,15.0,1,,Derived from Kaggle IPL 2026 deliveries and squads data
IPL,2026,Sunrisers Hyderabad,Eshan Malinga,Verified from Kaggle 2026 delivery data,Bowler,,,15,3,7,17,0,0,1,41.18,7.0,15,326,505,21,9.29,15.52,10,,Derived from Kaggle IPL 2026 deliveries and squads data
IPL,2026,Sunrisers Hyderabad,Harsh Dubey,Verified from Kaggle 2026 delivery data,All Rounder,,,8,4,13,9,2,0,2,144.44,6.5,8,132,226,8,10.27,16.5,3,,Derived from Kaggle IPL 2026 deliveries and squads data
IPL,2026,Sunrisers Hyderabad,Harshal Patel,Verified from Kaggle 2026 delivery data,All Rounder,,,5,3,10,9,2,0,2,111.11,5.0,5,84,148,1,10.57,84.0,5,,Derived from Kaggle IPL 2026 deliveries and squads data
IPL,2026,Sunrisers Hyderabad,Heinrich Klaasen,Verified from Kaggle 2026 delivery data,Wicket Keeper,,,15,15,624,390,48,31,13,160.0,48.0,0,0,0,0,,,105,,Derived from Kaggle IPL 2026 deliveries and squads data
IPL,2026,Sunrisers Hyderabad,Ishan Kishan,Verified from Kaggle 2026 delivery data,Wicket Keeper,,,15,15,604,331,60,32,14,182.48,43.14,0,0,0,0,,,87,,Derived from Kaggle IPL 2026 deliveries and squads data
IPL,2026,Sunrisers Hyderabad,Jack Edwards,Verified from Kaggle 2026 delivery data,All Rounder,,,0,0,0,0,0,0,0,,,0,0,0,0,,,0,,Derived from Kaggle IPL 2026 deliveries and squads data
IPL,2026,Sunrisers Hyderabad,Jaydev Unadkat,Verified from Kaggle 2026 delivery data,Bowler,,,4,1,4,3,0,0,0,133.33,,4,77,140,4,10.91,19.25,1,,Derived from Kaggle IPL 2026 deliveries and squads data
IPL,2026,Sunrisers Hyderabad,Kamindu Mendis,Verified from Kaggle 2026 delivery data,All Rounder,,,0,0,0,0,0,0,0,,,0,0,0,0,,,0,,Derived from Kaggle IPL 2026 deliveries and squads data
IPL,2026,Sunrisers Hyderabad,Krains Fuletra,Verified from Kaggle 2026 delivery data,All Rounder,,,0,0,0,0,0,0,0,,,0,0,0,0,,,0,,Derived from Kaggle IPL 2026 deliveries and squads data
IPL,2026,Sunrisers Hyderabad,Liam Livingstone,Verified from Kaggle 2026 delivery data,All Rounder,,,2,2,15,25,0,1,2,60.0,7.5,0,0,0,0,,,17,,Derived from Kaggle IPL 2026 deliveries and squads data
IPL,2026,Sunrisers Hyderabad,Nitish Kumar Reddy,Verified from Kaggle 2026 delivery data,All Rounder,,,0,0,0,0,0,0,0,,,0,0,0,0,,,0,,Derived from Kaggle IPL 2026 deliveries and squads data
IPL,2026,Sunrisers Hyderabad,Onkar Tarmale,Verified from Kaggle 2026 delivery data,Bowler,,,0,0,0,0,0,0,0,,,0,0,0,0,,,0,,Derived from Kaggle IPL 2026 deliveries and squads data
IPL,2026,Sunrisers Hyderabad,Pat Cummins,Verified from Kaggle 2026 delivery data,Bowler,,,8,3,30,19,1,3,3,157.89,10.0,8,192,301,8,9.41,24.0,8,,Derived from Kaggle IPL 2026 deliveries and squads data
IPL,2026,Sunrisers Hyderabad,Praful Hinge,Verified from Kaggle 2026 delivery data,Bowler,,,7,2,3,9,0,0,1,33.33,3.0,7,156,303,14,11.65,11.14,7,,Derived from Kaggle IPL 2026 deliveries and squads data
IPL,2026,Sunrisers Hyderabad,Ravichandran Smaran,Verified from Kaggle 2026 delivery data,Batter,,,0,0,0,0,0,0,0,,,0,0,0,0,,,0,,Derived from Kaggle IPL 2026 deliveries and squads data
IPL,2026,Sunrisers Hyderabad,Sakib Hussain,Verified from Kaggle 2026 delivery data,Bowler,,,11,1,5,7,1,0,0,71.43,,11,252,392,16,9.33,15.75,5,,Derived from Kaggle IPL 2026 deliveries and squads data
IPL,2026,Sunrisers Hyderabad,Salil Arora,Verified from Kaggle 2026 delivery data,Wicket Keeper,,,11,11,156,98,11,11,7,159.18,22.29,0,0,0,0,,,34,,Derived from Kaggle IPL 2026 deliveries and squads data
IPL,2026,Sunrisers Hyderabad,Shivam Mavi,Verified from Kaggle 2026 delivery data,All Rounder,,,0,0,0,0,0,0,0,,,0,0,0,0,,,0,,Derived from Kaggle IPL 2026 deliveries and squads data
IPL,2026,Sunrisers Hyderabad,Shivang Kumar,Verified from Kaggle 2026 delivery data,All Rounder,,,13,6,53,46,6,1,6,115.22,8.83,13,233,373,11,9.61,21.18,19,,Derived from Kaggle IPL 2026 deliveries and squads data
IPL,2026,Sunrisers Hyderabad,Travis Head,Verified from Kaggle 2026 delivery data,Batter,,,15,15,410,241,46,23,15,170.12,27.33,1,6,7,1,7.0,6.0,96,,Derived from Kaggle IPL 2026 deliveries and squads data
IPL,2026,Sunrisers Hyderabad,Zeeshan Ansari,Verified from Kaggle 2026 delivery data,Bowler,,,0,0,0,0,0,0,0,,,0,0,0,0,,,0,,Derived from Kaggle IPL 2026 deliveries and squads data
