player,avg_position,median_position,highest_position,lowest_position,typical_position,position_role
A Aravinddaraj,11.0,11.0,11,11,11,tailender
A Ashish Reddy,5.583333333333333,6.0,3,7,6,middle_order
A Awasthi,1.0,1.0,1,1,1,opener
A Badoni,4.0,4.0,2,6,4,top_order
A Bharwad,2.0,2.0,2,2,2,opener
A Choudhary,10.0,10.0,10,10,10,tailender
A G Pradeep,3.4,3.0,3,4,3,top_order
A Kamboj,8.5,8.5,7,10,7,lower_order
A Manohar,5.25,5.0,3,7,5,middle_order
A Mishra,8.307692307692308,8.0,4,11,8,lower_order
A Mithun,8.285714285714286,8.5,4,10,8,lower_order
A Mukund,1.2857142857142858,1.0,1,2,1,opener
A Nagwaswalla,10.142857142857142,10.0,10,11,10,tailender
A Palkar,10.0,10.0,10,10,10,tailender
A Prateek Reddy,5.0,5.0,2,8,2,opener
A Pratyush Kumar,2.0,2.0,2,2,2,opener
A Raghuvanshi,2.0,2.0,2,2,2,opener
A Sheth,7.423076923076923,8.0,4,10,8,lower_order
A Singhania,9.0,9.0,8,10,9,tailender
A Thapa,8.0,8.0,8,8,8,lower_order
A Tomar,1.5,1.0,1,3,1,opener
AA Bamal,5.75,6.0,5,6,6,middle_order
AA Barot,2.5454545454545454,2.0,1,4,2,opener
AA Chakraborty,10.333333333333334,10.0,10,11,10,tailender
AA Herwadkar,1.0,1.0,1,1,1,opener
AA Kargave,3.0,3.0,3,3,3,top_order
AA Kazi,5.75,6.0,5,6,6,middle_order
AA Sanklecha,7.5,7.5,6,9,6,middle_order
AB Dinda,9.3,9.0,8,11,9,tailender
ABB Sangma,1.0,1.0,1,1,1,opener
AD Chopra,2.0,2.0,2,2,2,opener
AD Nath,4.2,4.0,1,7,4,top_order
AG Jungade,8.0,8.0,8,8,8,lower_order
AG Paunikar,5.714285714285714,6.0,3,7,6,middle_order
AG Rao,7.0,7.0,6,8,6,middle_order
AG Sehrawat,3.5,3.5,3,4,3,top_order
AH Hooda,10.4,11.0,9,11,11,tailender
AJ Kaushik,1.0,1.0,1,1,1,opener
AK Chahal,9.0,9.0,8,10,8,lower_order
AK Sarkar,9.25,9.0,9,10,9,tailender
AKS Bains,1.9166666666666667,2.0,1,6,2,opener
AL Menaria,3.6,4.0,2,6,4,top_order
AM Joshi,2.0,2.0,2,2,2,opener
AM Nayar,5.0,5.0,4,6,5,middle_order
AM Rahane,2.1,2.0,1,3,2,opener
AM Reddy,1.0,1.0,1,1,1,opener
AN Ahmed,8.214285714285714,8.5,7,9,9,tailender
AN Chauhan,9.5,9.5,9,10,9,tailender
AN Ghosh,4.8,4.0,3,7,4,top_order
AN Longchar,1.2,1.0,1,2,1,opener
AP Majumdar,4.714285714285714,5.0,3,7,3,top_order
AP Sharma,7.0,7.0,7,7,7,lower_order
AP Tare,3.380952380952381,3.0,2,7,2,opener
AR Bawne,5.142857142857143,5.0,3,7,4,top_order
AR Easwaran,2.95,3.0,1,4,3,top_order
AR Kumar,4.0,4.0,3,5,4,top_order
AR Lamba,9.0,9.0,8,10,8,lower_order
AR Mokhade,3.0,3.0,3,3,3,top_order
AR Pandey,7.285714285714286,7.0,6,8,7,lower_order
AR Patel,4.894736842105263,5.0,3,6,5,middle_order
AR Rohera,1.0,1.0,1,1,1,opener
ARB Singh,3.3333333333333335,3.0,2,5,2,opener
AS Bedi,10.0,10.0,10,10,10,tailender
AS Karambelkar,7.666666666666667,8.0,7,8,8,lower_order
AS Rajpoot,10.0,10.0,9,11,10,tailender
AS Raut,5.785714285714286,6.0,3,8,6,middle_order
AS Roy,5.894736842105263,6.0,1,7,6,middle_order
AS Surwar,7.0,7.0,7,7,7,lower_order
AS Thakare,10.0,10.0,10,10,10,tailender
AT Rayudu,4.083333333333333,4.0,2,6,4,top_order
AUK Pathan,1.0,1.0,1,1,1,opener
AV Jaiswal,4.0,4.0,4,4,4,top_order
AV Kolhar,2.0,2.0,2,2,2,opener
AV Rajput,4.375,4.5,2,7,2,opener
AV Wankhade,5.09375,5.0,2,7,5,middle_order
Aakarshit Gomel,3.0,3.0,3,3,3,top_order
Aakash Verma,2.0,2.0,1,3,1,opener
Aamir Gani,8.0,8.0,8,8,8,lower_order
Aanshul Gupta,2.230769230769231,2.0,1,6,1,opener
Aarya Desai,2.5,2.0,1,5,1,opener
Abdul Basith,6.0,6.0,5,7,5,middle_order
Abdul Samad,3.4375,3.5,1,6,1,opener
Abhay,6.666666666666667,6.0,6,8,6,middle_order
Abhay Negi,6.3076923076923075,6.0,5,8,6,middle_order
Abhijeet Saket,10.5,10.5,10,11,10,tailender
Abhijit Roy,5.0,5.0,4,6,4,top_order
Abhilash Gogoi,9.0,9.0,9,9,9,tailender
Abhilash Mallick,1.0,1.0,1,1,1,opener
Abhimanyu Chauhan,4.0,4.0,4,4,4,top_order
Abhimanyu Rana,2.0714285714285716,1.0,1,7,1,opener
Abhinav Dixit,5.2,5.0,4,6,5,middle_order
Abhinav Srivastava,1.5,1.5,1,2,1,opener
Abhisek Das,1.5714285714285714,2.0,1,2,2,opener
Abhishek Bhandari,5.0,5.0,3,7,5,middle_order
Abhishek Goswami,1.0,1.0,1,1,1,opener
Abhishek Gupta,6.8,7.0,6,8,6,middle_order
Abhishek Mohan,7.666666666666667,8.0,7,8,8,lower_order
Abhishek Pandey,5.0,5.0,5,5,5,middle_order
Abhishek Sakuja,10.0,10.0,10,10,10,tailender
Abhishek Sharma,2.176470588235294,2.0,1,10,1,opener
Abhishek Tanwar,9.666666666666666,9.0,9,11,9,tailender
Abhishek Thakuri,3.375,3.0,3,6,3,top_order
Abhishek Yadav,4.5,4.5,4,5,4,top_order
Abid Mushtaq,8.6,9.0,7,10,9,tailender
Abishek Porel,1.3333333333333333,1.0,1,2,1,opener
Achit Shigwan,5.833333333333333,6.0,5,7,6,middle_order
Adil Reshi,2.4,2.0,2,3,2,opener
Aditya,3.0,3.0,1,5,1,opener
Aditya Garhwal,2.411764705882353,2.0,1,5,1,opener
Aditya Kaushik,2.5416666666666665,2.0,1,6,2,opener
Aditya Rout,2.0,2.0,2,2,2,opener
Aditya Singh,6.0,6.0,5,7,5,middle_order
Aditya Waghmode,2.1,2.0,2,3,2,opener
Agniv Pan,5.75,5.5,5,7,5,middle_order
Ahmed Banday,1.125,1.0,1,2,1,opener
Ahmed Shah,5.5,6.0,3,7,6,middle_order
Aishwary Mourya,6.25,6.5,5,7,7,lower_order
Ajay Kumar,6.0,6.0,6,6,6,middle_order
Ajay Mandal,6.3,6.0,3,8,6,middle_order
Ajay Pradhan,11.0,11.0,11,11,11,tailender
Ajay Sarkar,10.142857142857142,10.0,9,11,11,tailender
Akash Bhandari,7.230769230769231,8.0,3,8,8,lower_order
Akash Choudhary,9.428571428571429,10.0,7,11,10,tailender
Akash Deep,8.75,9.0,8,10,9,tailender
Akash Luitel,9.666666666666666,10.0,9,10,10,tailender
Akash Madhwal,9.666666666666666,9.0,9,11,9,tailender
Akash Pandey,11.0,11.0,11,11,11,tailender
Akash Parkar,7.333333333333333,7.0,6,9,7,lower_order
Akash Raj,5.5,5.5,5,6,5,middle_order
Akash Sengupta,7.5,7.5,7,8,7,lower_order
Akash Singh,7.0,7.0,5,9,5,middle_order
Akash Sudan,8.0,8.0,8,8,8,lower_order
Akash Vasisht,5.777777777777778,5.0,3,9,5,middle_order
Akhil Rajput,1.7142857142857142,2.0,1,2,2,opener
Akhilesh Sahani,5.722222222222222,6.5,1,8,7,lower_order
Akshat Raghuwanshi,5.0,5.0,4,6,4,top_order
Akshay Chandran,6.75,7.0,6,7,7,lower_order
Akshay Jain,10.5,10.5,10,11,10,tailender
Akshay Karnewar,6.129032258064516,7.0,4,8,7,lower_order
Akshay Wadkar,3.611111111111111,3.0,2,9,3,top_order
Akshay Wakhare,10.375,10.5,9,11,11,tailender
Al Bashid Muhammed,3.4545454545454546,3.0,2,10,3,top_order
Alok Sahoo,7.5,7.5,6,9,6,middle_order
Aman Hakim Khan,6.0,7.0,2,8,7,lower_order
Amandeep Khare,3.5714285714285716,4.0,2,7,4,top_order
Ambikeshwar Mishra,11.0,11.0,11,11,11,tailender
Amiangshu Sen,5.8,5.5,3,9,3,top_order
Amit Ali,8.0,8.0,8,8,8,lower_order
Amit Chopra,4.833333333333333,4.0,4,7,4,top_order
Amit Mishra,8.666666666666666,9.0,8,9,9,tailender
Amit Pachhara,4.833333333333333,4.5,4,6,4,top_order
Amit Parashar,2.0,2.0,2,2,2,opener
Amit Sinha,5.833333333333333,6.0,4,8,6,middle_order
Amit Verma,4.0476190476190474,4.0,3,8,3,top_order
Amit Yadav,8.75,8.5,8,10,8,lower_order
Amlanjyoti Das,8.2,8.0,8,9,8,lower_order
Amod Yadav,9.0,9.0,9,9,9,tailender
Amogh Desai,1.7142857142857142,1.5,1,5,1,opener
Amos Rai,9.666666666666666,10.0,9,10,10,tailender
Amrit Lubana,4.0,4.0,4,4,4,top_order
Amulya Pandrekar,10.666666666666666,11.0,9,11,11,tailender
Anand Bais,4.0,4.0,3,5,3,top_order
Anand Singh,1.894736842105263,1.0,1,8,1,opener
Anil Subba,10.0,10.0,10,10,10,tailender
Aniruddha Joshi,5.333333333333333,5.0,2,8,5,middle_order
Anish Charak,6.833333333333333,7.5,4,8,8,lower_order
Ankit Chaudhary,8.5,8.5,8,9,8,lower_order
Ankit Dabas,4.0,4.0,1,7,1,opener
Ankit Dane,1.0,1.0,1,1,1,opener
Ankit Kaushik,4.5,4.0,3,6,4,top_order
Ankit Kumar,2.75,2.0,2,5,2,opener
Ankit Kushwah,8.0,8.0,8,8,8,lower_order
Ankit Lamba,2.0384615384615383,2.0,1,3,2,opener
Ankit Maini,6.0,6.0,6,6,6,middle_order
Ankit Manori,10.0,10.0,10,10,10,tailender
Ankit Sharma,6.846153846153846,7.0,3,8,7,lower_order
Ankit Yadav,6.5,6.5,6,7,6,middle_order
Ankitkar Jaiswal,10.0,10.0,10,10,10,tailender
Anmol Malhotra,6.166666666666667,6.5,4,8,4,top_order
Anmolpreet Singh,4.121212121212121,4.0,3,7,3,top_order
Annabathula Akash,1.0,1.0,1,1,1,opener
Ansh Patel,10.0,10.0,10,10,10,tailender
Anshul Tripathi,4.25,4.5,3,5,5,middle_order
Anshuman Gautam,2.0,2.0,1,3,1,opener
Anshuman Rath,2.0,2.0,2,2,2,opener
Antony Dhas,7.0,8.0,5,8,8,lower_order
Anuj Rawat,2.9615384615384617,3.0,1,7,2,opener
Anurag Sarangi,2.076923076923077,2.0,1,3,2,opener
Anurag Tiwari,10.0,10.0,10,10,10,tailender
Anureet Singh,6.928571428571429,7.5,1,10,8,lower_order
Arabind Singh,5.888888888888889,6.0,5,7,6,middle_order
Arjit Gupta,4.875,5.0,1,7,5,middle_order
Arjit Pannu,4.333333333333333,3.0,3,7,3,top_order
Arjun Tendulkar,7.4,9.0,3,11,3,top_order
Arkaprabha Sinha,2.5833333333333335,2.0,2,5,2,opener
Arnab Nandi,7.666666666666667,8.0,7,8,8,lower_order
Arpit Gaud,1.0,1.0,1,1,1,opener
Arpit Vasavada,4.9523809523809526,5.0,2,8,5,middle_order
Arshad Khan,8.5,8.5,8,9,8,lower_order
Arshdeep Singh,11.0,11.0,11,11,11,tailender
Arslan Khan,2.0,2.0,2,2,2,opener
Arun Chaprana,5.888888888888889,7.0,1,10,8,lower_order
Arup Das,10.333333333333334,10.0,10,11,10,tailender
Arya Sethi,2.0,2.0,2,2,2,opener
Aryan Juyal,1.8,2.0,1,3,1,opener
Aryan Sahani,3.0,3.0,3,3,3,top_order
Asfan Khan,6.0,6.0,4,8,6,middle_order
Ashish Rai,10.0,10.0,10,10,10,tailender
Ashish Thapa,3.263157894736842,3.0,1,10,3,top_order
Ashish Yadav,6.071428571428571,6.0,4,9,6,middle_order
Ashith Rajiv,7.8,8.0,7,9,7,lower_order
Ashutosh Aman,8.125,8.0,7,10,8,lower_order
Ashutosh Sharma,3.375,2.0,2,8,2,opener
Ashutosh Singh,2.75,2.0,2,4,2,opener
Ashwin Das,6.25,6.0,2,11,2,opener
Ashwin Hebbar,2.085714285714286,1.0,1,6,1,opener
Atharva Ankolekar,7.8,8.0,6,9,8,lower_order
Atharva Taide,1.28,1.0,1,2,1,opener
Auqib Nabi,8.0,8.0,7,9,7,lower_order
Avesh Khan,8.8,9.5,3,11,11,tailender
Avijit Singh,5.0,5.0,4,6,4,top_order
Avinash Yadav,6.0,6.0,5,7,5,middle_order
Avishek Sinha,8.5,8.0,8,10,8,lower_order
Avneesh Sudha,2.75,2.5,1,5,1,opener
Ayan Bhattacharjee,8.0,8.0,8,8,8,lower_order
Ayush Jamwal,8.333333333333334,8.0,6,10,8,lower_order
Azim Kazi,5.238095238095238,5.0,4,7,5,middle_order
B Aparajith,3.4814814814814814,3.0,2,6,3,top_order
B Indrajith,3.8,4.0,3,5,3,top_order
B Kumar,7.666666666666667,7.0,7,9,7,lower_order
B Rahman,1.6,2.0,1,2,2,opener
B Sai Sudharsan,3.3333333333333335,3.0,3,4,3,top_order
BA Bhatt,8.75,9.0,7,10,9,tailender
BA Pathan,10.25,10.5,9,11,11,tailender
BA Roy,5.0,6.0,3,6,6,middle_order
BB Debnath,8.0,8.0,8,8,8,lower_order
BB Dey,9.5,9.5,8,11,8,lower_order
BB Ghosh,1.4,1.0,1,3,1,opener
BB Roy,5.0,5.0,3,9,3,top_order
BB Samantray,4.2631578947368425,4.0,3,6,4,top_order
BB Sran,8.5,8.5,7,10,8,lower_order
BH Merai,3.0,3.0,2,4,2,opener
BM Chingakham,7.25,7.0,5,10,5,middle_order
BR Sharath,3.6666666666666665,3.0,1,7,2,opener
BS Sharma,1.0,1.0,1,1,1,opener
Babul Kumar,2.869565217391304,3.0,1,7,3,top_order
Bal Krishna,8.0,8.0,8,8,8,lower_order
Baltej Singh,10.75,11.0,10,11,11,tailender
Bandaru Ayyappa,9.545454545454545,10.0,8,11,10,tailender
Bandeep Singh,3.4444444444444446,3.0,1,6,3,top_order
Bappa Das,2.0,2.0,2,2,2,opener
Basil Thampi,8.666666666666666,9.0,8,10,8,lower_order
Bavanaka Sandeep,4.466666666666667,4.5,2,7,5,middle_order
Benoy Upreti,6.0,6.0,6,6,6,middle_order
Bhagmender Lather,8.333333333333334,8.0,8,9,8,lower_order
Bhanu Pania,5.611111111111111,6.0,4,8,6,middle_order
Bharat Sharma,7.25,7.5,4,10,4,top_order
Bibek Diyali,1.1666666666666667,1.0,1,2,1,opener
Bikas Pati,2.0,2.0,2,2,2,opener
Bikash K Rout,8.0,8.0,8,8,8,lower_order
Bikash Singh,8.0,7.0,7,11,7,lower_order
Bikramkumar Das,1.1,1.0,1,2,1,opener
Bipin Saurabh,1.625,2.0,1,2,2,opener
Bipul Sharma,5.352941176470588,5.0,3,8,5,middle_order
Bishworjit Konthoujam,10.285714285714286,10.0,10,11,10,tailender
Bobby Yadav,10.0,10.0,10,10,10,tailender
Bobby Zothansanga,9.333333333333334,9.0,7,11,9,tailender
Bodavarapu Sudhakar,9.25,10.0,7,10,10,tailender
Bonny Chingangbam,4.0,3.0,2,7,2,opener
Bravish Shetty,3.0,3.0,2,4,2,opener
C Rathore,1.0,1.0,1,1,1,opener
CA Pujara,2.0,2.0,2,2,2,opener
CK Paul,10.75,11.0,10,11,11,tailender
CM Gautam,6.1,6.0,4,9,5,middle_order
CP Sahani,5.0,5.0,5,5,5,middle_order
CP Singh,7.545454545454546,8.0,7,8,8,lower_order
CV Milind,8.409090909090908,9.0,1,10,9,tailender
CV Varun,10.0,10.0,10,10,10,tailender
Chabungbam Ishworjit,7.0,7.0,7,7,7,lower_order
Chaitanya Bishnoi,1.84375,1.0,1,5,1,opener
Chandan Ray,8.0,8.0,8,8,8,lower_order
Chanderpal Saini,6.666666666666667,7.0,6,7,7,lower_order
Cheepurapalli Stephen,11.0,11.0,11,11,11,tailender
Chengkam Sangma,10.5,10.5,10,11,10,tailender
Chetan Bist,4.842105263157895,5.0,2,8,5,middle_order
Chinta Gandhi,11.0,11.0,11,11,11,tailender
Chintan Gaja,7.625,9.0,3,10,9,tailender
Chintapalli Kranthi Kumar,5.0,5.0,5,5,5,middle_order
Chirag Gandhi,5.228571428571429,5.0,4,8,5,middle_order
Chirag Jani,6.458333333333333,6.0,4,9,6,middle_order
Chirag Khurana,1.375,1.0,1,2,1,opener
Chirag Parmar,4.0,4.0,4,4,4,top_order
Chongtham Mehul,8.0,8.0,8,8,8,lower_order
Codanda Ajit Karthik,1.0,1.0,1,1,1,opener
D Chauhan,5.5,5.5,4,7,4,top_order
D Joshi,7.0,7.0,7,7,7,lower_order
D Khatri,7.0,7.0,7,7,7,lower_order
D Padikkal,1.75,2.0,1,3,2,opener
D Rabha,9.0,9.0,9,9,9,tailender
D Rai,10.0,10.0,10,10,10,tailender
D Yadav,5.0,5.0,5,5,5,middle_order
DB Bana,4.0,4.0,4,4,4,top_order
DB Das,6.0,6.0,5,7,5,middle_order
DB Ravi Teja,3.9565217391304346,4.0,1,7,4,top_order
DG Kumar,10.0,10.0,10,10,10,tailender
DG Nalkande,7.916666666666667,8.0,7,9,8,lower_order
DH Yagnik,6.0,7.0,3,7,7,lower_order
DJ Hooda,3.7941176470588234,4.0,3,7,4,top_order
DJ Muthuswami,10.0,10.0,10,10,10,tailender
DK Sharma,7.0,7.0,7,7,7,lower_order
DL Chahar,6.785714285714286,7.0,3,8,7,lower_order
DM Mistry,2.0,2.0,2,2,2,opener
DR Deshmukh,9.0,9.0,9,9,9,tailender
DR Shorey,3.347826086956522,3.0,1,5,3,top_order
DS Kulkarni,9.727272727272727,10.0,8,10,10,tailender
Damodaran Rohit,1.8,2.0,1,3,2,opener
Darremsanga,6.5,6.5,6,7,6,middle_order
Darshan Misal,6.241379310344827,6.0,5,9,6,middle_order
Daryl Ferrario,4.5,4.5,4,5,4,top_order
Dasari Swaroop Kumar,8.0,8.0,8,8,8,lower_order
Debabrata Pradhan,9.666666666666666,10.0,9,10,10,tailender
Debasish Samantray,4.5,4.5,4,5,4,top_order
Deendyal Upadhyay,9.0,9.0,9,9,9,tailender
Deepak Behera,9.0,9.0,8,10,8,lower_order
Deepak Punia,6.428571428571429,6.0,5,9,6,middle_order
Deepraj Gaonkar,6.2631578947368425,7.0,2,9,7,lower_order
Denish Das,2.466666666666667,2.0,1,7,2,opener
Dev Lakra,8.0,8.0,8,8,8,lower_order
Devender Lohchab,4.25,4.0,2,7,2,opener
Dharmendrasinh Jadeja,7.357142857142857,8.5,3,11,9,tailender
Dhavanath,7.0,7.0,7,7,7,lower_order
Dhrumil Matkar,10.0,10.0,10,10,10,tailender
Dhrushant Soni,7.6,8.0,5,9,9,tailender
Dhruv Jurel,5.2,6.0,2,6,6,middle_order
Dhruv Patel,5.285714285714286,3.0,1,9,3,top_order
Dhruv Raval,1.8235294117647058,2.0,1,3,1,opener
Digvijay Rangi,6.833333333333333,6.5,6,9,6,middle_order
Dikshanshu Negi,4.705882352941177,5.0,1,8,4,top_order
Dinesh Mor,5.222222222222222,4.0,4,9,4,top_order
Dinesh Rai,6.666666666666667,7.0,6,7,7,lower_order
Dipayan Debbarma,5.0,4.0,4,7,4,top_order
Dippu Sangma,5.75,5.5,3,9,3,top_order
Divyang Hinganekar,7.0,7.0,5,8,7,lower_order
Diwesh Pathania,8.066666666666666,8.0,7,9,9,tailender
EC Sen,4.888888888888889,4.0,3,9,4,top_order
ER Dwivedi,3.909090909090909,4.0,2,6,4,top_order
Eknath Kerkar,4.3125,4.0,1,8,1,opener
Erik Roy,6.5,6.5,6,7,6,middle_order
Eshaan Ravi,1.0,1.0,1,1,1,opener
F Lalmuanzuala,7.75,8.0,7,8,8,lower_order
FY Fazal,1.9047619047619047,2.0,1,4,1,opener
Fabid Ahmed,5.913043478260869,6.0,2,9,6,middle_order
Faiz Ahmed,6.666666666666667,5.0,5,10,5,middle_order
Faruque Hussain,11.0,11.0,11,11,11,tailender
Fazil Rashid,6.5,6.0,4,10,4,top_order
Felix Alemao,9.8,10.0,9,10,10,tailender
G Ajitesh,3.3333333333333335,1.0,1,8,1,opener
G Gambhir,1.6923076923076923,2.0,1,2,2,opener
G Lalbiakvela,9.0,9.0,7,10,10,tailender
GA Singh,2.3333333333333335,2.0,2,4,2,opener
GH Vihari,2.4,2.0,1,4,3,top_order
GS Raju,3.0,3.0,3,3,3,top_order
Gagandeep Singh,7.5,7.5,7,8,7,lower_order
Gandhar Bhatawadekar,3.0,3.0,3,3,3,top_order
Ganesh Satish,3.6666666666666665,3.0,2,7,3,top_order
Gaurav,11.0,11.0,11,11,11,tailender
Gaurav Gambhir,9.0,9.0,9,9,9,tailender
Gaurav Puri,4.333333333333333,4.5,3,5,5,middle_order
Gaurav Yadav,10.0,10.0,10,10,10,tailender
Gemson Singh,2.0,2.0,2,2,2,opener
Girinath Reddy,6.428571428571429,6.5,4,9,7,lower_order
Girish Rauturi,6.571428571428571,7.0,5,8,7,lower_order
Gitansh Khera,5.0,5.0,3,7,3,top_order
Gokul Sharma,3.5,3.5,3,4,3,top_order
Gourav Choudhury,1.0,1.0,1,1,1,opener
Govinda Poddar,3.210526315789474,4.0,1,5,4,top_order
Gurinder Singh,6.2,6.0,4,8,5,middle_order
Gurkeerat Singh,4.172413793103448,4.0,3,6,4,top_order
H Desai,1.1428571428571428,1.0,1,2,1,opener
HH Khadiwale,1.3333333333333333,1.0,1,2,1,opener
HH Pandya,3.3636363636363638,3.0,3,6,3,top_order
HP Gawli,2.0,2.0,2,2,2,opener
HP Patel,10.8,11.0,10,11,11,tailender
HS Desai,1.25,1.0,1,2,1,opener
HS Joshi,3.0,3.0,3,3,3,top_order
HV Patel,1.8888888888888888,2.0,1,7,2,opener
Harbhajan Singh,5.7,6.0,3,9,3,top_order
Hardeep Singh,4.0,4.0,4,4,4,top_order
Hardik Tamore,5.5,5.5,2,9,2,opener
Hari Nishaanth,1.4074074074074074,1.0,1,2,1,opener
Harishankar Reddy,8.88888888888889,9.0,6,10,10,tailender
Harmeet Singh,6.75,7.0,5,8,7,lower_order
Harpreet Brar,7.4,7.0,5,9,7,lower_order
Harpreet Singh,3.342857142857143,3.0,1,6,3,top_order
Harsh Tyagi,7.428571428571429,7.0,6,10,8,lower_order
Harsh Vikram Singh,8.25,8.5,7,9,9,tailender
Harshit Bisht,1.5,1.5,1,2,1,opener
Harshit Rathod,9.0,9.0,9,9,9,tailender
Hem Chetri,6.2,6.0,5,7,6,middle_order
Hemang Patel,7.625,7.5,6,9,7,lower_order
Henan Nazir,4.0,3.0,3,7,3,top_order
Henry Renthlei,6.0,6.0,6,6,6,middle_order
Heramb Parab,8.25,9.5,4,10,10,tailender
Het Patel,4.5,4.0,4,7,4,top_order
Himalay Agarwal,4.375,4.0,2,7,4,top_order
Himalaya Barad,3.0,1.0,1,7,1,opener
Himanshu Bisht,7.6,7.5,7,9,7,lower_order
Himanshu Chawla,5.5,6.0,3,7,6,middle_order
Himanshu Rana,2.90625,3.0,1,5,3,top_order
Himanshu Sangwan,10.0,10.0,9,11,10,tailender
Himmat Singh,4.636363636363637,5.0,1,8,5,middle_order
Hiten Dalal,1.8695652173913044,2.0,1,2,2,opener
Hiten Mehra,5.666666666666667,6.0,4,7,4,top_order
Hitesh Kadam,10.0,10.0,10,10,10,tailender
Hmar Zothanchhunga,6.0,6.0,6,6,6,middle_order
Hokaito Zhimomi,5.6,5.0,4,8,5,middle_order
Homendro Kabrambam,7.363636363636363,8.0,4,9,8,lower_order
Hrishi Raj,9.0,9.0,9,9,9,tailender
Hrishikesh Tamuli,5.0,6.0,2,7,2,opener
Hrithik Kanojia,2.6666666666666665,2.0,2,4,2,opener
I Sharma,11.0,11.0,11,11,11,tailender
IC Pandey,7.857142857142857,9.0,3,10,9,tailender
IC Porel,11.0,11.0,11,11,11,tailender
IK Pathan,6.0,6.0,4,7,6,middle_order
IR Jaggi,4.0,5.0,1,7,5,middle_order
Ian Dev Singh,3.076923076923077,3.0,1,5,4,top_order
Imliwati Lemtur,7.5,7.5,6,9,7,lower_order
Inakato Zhimomi,9.0,9.0,9,9,9,tailender
Indiya Toku,5.0,5.0,5,5,5,middle_order
Iqbal Abdulla,4.928571428571429,4.0,4,8,4,top_order
Iqlas Naha,6.333333333333333,7.0,5,7,7,lower_order
Ishaan Gadekar,1.0,1.0,1,1,1,opener
Ishan Kishan,1.7916666666666667,2.0,1,2,2,opener
Ishwar Chaudhary,8.692307692307692,9.0,6,11,9,tailender
J Anderson,3.0,3.0,3,3,3,top_order
J Biakthanpuia,5.0,5.0,5,5,5,middle_order
J Butte,11.0,11.0,11,11,11,tailender
J Kousik,8.0,8.0,7,9,7,lower_order
J Mallikarjun,4.5,5.5,1,6,6,middle_order
J Suchith,7.25,7.0,6,9,7,lower_order
J Syed Mohammad,5.8,6.0,4,7,7,lower_order
J Yadav,8.214285714285714,8.0,5,9,8,lower_order
JD Unadkat,7.576923076923077,8.0,5,10,9,tailender
JH Saroha,7.0,7.0,7,7,7,lower_order
JJ Bumrah,11.0,11.0,11,11,11,tailender
JJ Lamare,5.2,6.0,2,8,2,opener
JM Sharma,2.8780487804878048,2.0,1,7,2,opener
JP Zope,9.0,9.0,9,9,9,tailender
JR Banik,1.6,1.0,1,3,1,opener
Jafar Jamal,6.666666666666667,7.0,5,8,5,middle_order
Jagjit Singh,9.5,9.5,9,10,9,tailender
Jahan Uddin,7.333333333333333,8.0,6,8,8,lower_order
Jaideep Bhambhu,11.0,11.0,11,11,11,tailender
Jalaj S Saxena,4.214285714285714,2.5,2,8,2,opener
Jaskaran Singh,6.538461538461538,6.0,5,9,6,middle_order
Jaskaranvir Singh Sohi,5.375,5.5,2,8,5,middle_order
Jatin Saxena,1.0,1.0,1,1,1,opener
Jatin Wadhwan,1.9285714285714286,2.0,1,2,2,opener
Jaweed Ali,6.333333333333333,6.0,6,7,6,middle_order
Jay Bista,1.2962962962962963,1.0,1,2,1,opener
Jay Gohil,6.555555555555555,7.0,4,8,6,middle_order
Jayanta Behera,11.0,11.0,11,11,11,tailender
Jayanta Sagatpam,4.6,5.0,3,6,5,middle_order
Jaydev Shah,3.4,3.0,3,4,3,top_order
Jayveer Parmar,10.0,10.0,10,10,10,tailender
Jitumoni Kalita,8.0,8.0,8,8,8,lower_order
Jiwanjot Singh,1.6666666666666667,2.0,1,2,2,opener
Jiyaad Magrey,2.0,2.0,2,2,2,opener
Johnson Singh,4.923076923076923,4.0,3,8,4,top_order
Jonty Sidhu,5.0,5.0,5,5,5,middle_order
Joseph Lalthankhuma,4.428571428571429,4.0,4,6,4,top_order
Joshua Ozukum,2.1,1.0,1,9,1,opener
Jyothi Sai Krishna,5.8,6.0,5,6,6,middle_order
Jyotsnil Singh,1.0,1.0,1,1,1,opener
K Bhagath Varma,10.0,10.0,10,10,10,tailender
K Bharath Shankar,1.1428571428571428,1.0,1,2,1,opener
K D Patel,10.75,11.0,10,11,11,tailender
K Gadhavi,2.0,2.0,2,2,2,opener
K Gowtham,6.052631578947368,6.0,3,10,3,top_order
K Kartikeya,10.25,10.0,10,11,10,tailender
K Khejroliya,10.5,10.5,10,11,10,tailender
K L Shrijith,4.142857142857143,4.0,3,7,3,top_order
K Lalhmingmawia,11.0,11.0,11,11,11,tailender
K Makwana,10.0,10.0,10,10,10,tailender
K Upadhyay,9.8,10.0,9,10,10,tailender
K V Sasikanth,8.176470588235293,8.0,5,10,8,lower_order
K Vanlalruata,4.666666666666667,4.5,4,6,4,top_order
KA Vaz,4.181818181818182,4.0,4,5,4,top_order
KB Arun Karthik,3.2666666666666666,3.0,1,7,1,opener
KB Panchal,7.5,7.5,7,8,7,lower_order
KB Pawan,3.75,4.0,3,5,4,top_order
KC Cariappa,8.875,9.0,7,11,7,lower_order
KD Karthik,3.869565217391304,4.0,2,6,4,top_order
KH Devdhar,1.0,1.0,1,1,1,opener
KH Pandya,3.892857142857143,4.0,3,5,4,top_order
KK Acharjee,5.857142857142857,5.0,4,8,5,middle_order
KK Ahmed,11.0,11.0,11,11,11,tailender
KK Nair,3.276595744680851,4.0,1,6,4,top_order
KL Nagarkoti,7.0,7.5,5,8,8,lower_order
KL Rahul,1.0,1.0,1,1,1,opener
KM Asif,10.333333333333334,10.0,10,11,10,tailender
KM Jadhav,3.260869565217391,3.0,3,7,3,top_order
KN Luitel,11.0,11.0,11,11,11,tailender
KP Kakad,7.0,7.0,7,7,7,lower_order
KR Kakade,7.625,8.0,4,9,9,tailender
KR Sen,9.75,11.0,6,11,11,tailender
KR Singh,5.916666666666667,6.0,4,7,6,middle_order
KS Bharat,2.6363636363636362,2.0,1,6,2,opener
KS Rathore,6.0,6.0,5,7,5,middle_order
KS Sharma,2.357142857142857,2.0,1,6,2,opener
KV Sharma,5.972222222222222,6.0,1,9,7,lower_order
Kaif Ahmad,4.375,5.0,1,5,5,middle_order
Kamal Das,11.0,11.0,11,11,11,tailender
Kamsha Yangfo,5.454545454545454,6.0,3,10,6,middle_order
Kangabam Singh,4.944444444444445,5.0,2,8,5,middle_order
Kanishk Seth,8.142857142857142,9.0,3,10,9,tailender
Kant Singh,11.0,11.0,11,11,11,tailender
Kanwar Abhinay,11.0,11.0,11,11,11,tailender
Karan Kaila,7.0,7.0,6,8,6,middle_order
Karan Lal,3.5,3.0,2,8,3,top_order
Karan Patel,6.166666666666667,6.5,4,8,4,top_order
Karan Shinde,5.285714285714286,4.0,4,7,4,top_order
Karanveer Kaushal,1.9375,2.0,1,4,2,opener
Karkir Taye,10.0,10.0,10,10,10,tailender
Karma Bhutia,4.0,3.0,2,7,2,opener
Karnajit Yumnam,2.2,1.5,1,5,1,opener
Karthik Raman,11.0,11.0,11,11,11,tailender
Kashyap Bakhale,9.0,9.0,7,11,7,lower_order
Kaushik Maity,9.0,9.0,9,9,9,tailender
Kengo Bam,9.0,9.0,9,9,9,tailender
Keshav Kumar,4.6,4.0,4,6,4,top_order
Khawlhring Lalremruata,5.0,5.0,3,7,5,middle_order
Khizer Dafedar,6.0,6.0,6,6,6,middle_order
Khrievitso Kense,11.0,11.0,11,11,11,tailender
Kilco R Marak,10.0,10.0,9,11,10,tailender
Kiran Reddy,7.0,7.0,7,7,7,lower_order
Kishan Lyngdoh,2.0,2.0,2,2,2,opener
Kishan Parmar M,2.375,2.0,2,3,2,opener
Kishan Thokchom,9.4,9.0,9,10,9,tailender
Kolla Sumanth,5.842105263157895,6.0,3,9,5,middle_order
Koripalli Sreekanth,2.0,2.0,1,3,2,opener
Kranthi Kumar,3.6666666666666665,3.0,3,5,3,top_order
Krishna Das,10.4,11.0,9,11,11,tailender
Krishnamoorthy Vignesh,9.0,9.0,9,9,9,tailender
Krishnamurthy Siddharth,3.0,3.0,3,3,3,top_order
Kruthik Hanagavadi,11.0,11.0,11,11,11,tailender
Kshitij Patel,3.5,3.5,3,4,3,top_order
Kshitiz Sharma,4.222222222222222,4.0,3,6,4,top_order
Kukna Ajay Singh,8.0,8.0,8,8,8,lower_order
Kuldeep Gehi,2.0,2.0,2,2,2,opener
Kuldeep Yadav,8.333333333333334,8.0,8,9,8,lower_order
Kumar Deobrat,4.25,5.0,1,7,5,middle_order
Kumar Kushagra,2.0,2.0,2,2,2,opener
Kumar Nyompu,3.25,2.5,2,6,2,opener
Kumar Rajnish,4.0,4.0,2,6,2,opener
Kumar Suraj,5.0,5.0,5,5,5,middle_order
Kunal Chandela,4.571428571428571,4.0,2,7,4,top_order
Kunal Dabas,2.0,2.0,2,2,2,opener
Kunal Mahajan,5.0,5.0,5,5,5,middle_order
Kunal Saikia,6.0,6.0,6,6,6,middle_order
Kunwar Bidhuri,2.6666666666666665,2.0,2,4,2,opener
L Jhon,8.0,8.0,8,8,8,lower_order
L Kishan Singha,7.875,8.0,7,8,8,lower_order
L Thareja,7.0,7.0,7,7,7,lower_order
LI Meriwala,10.75,11.0,10,11,11,tailender
LR Chethan,4.0,4.0,4,4,4,top_order
LUVNITH SISODIA,4.25,4.0,2,7,2,opener
Lagnajit Samal,9.0,9.0,8,10,8,lower_order
Lakhan Singh,1.5,1.0,1,3,1,opener
Lakshay Garg,7.521739130434782,8.0,3,11,8,lower_order
Lalchhuanliana,5.0,6.0,3,6,6,middle_order
Lalfakzuala Renthlei,11.0,11.0,11,11,11,tailender
Lalhma Chhuana,5.0,5.0,5,5,5,middle_order
Lalhmangaiha,2.45,2.0,1,5,2,opener
Lalhriatrenga,7.0,8.0,5,8,8,lower_order
Lalhruai Ralte,7.428571428571429,7.5,5,10,7,lower_order
Lalhruaizela,3.2083333333333335,3.5,1,5,4,top_order
Lalit Yadav,6.107142857142857,6.0,4,7,7,lower_order
Lalnunkima Varte,10.5,10.5,10,11,10,tailender
Lalrempuia,8.5,8.5,7,10,7,lower_order
Lamabam Singh,10.5,10.5,10,11,10,tailender
Langlonyamba Meitan Keishangbam,4.2,4.0,3,6,3,top_order
Larry Sangma,5.25,5.5,3,8,3,top_order
Lavin Coster,7.666666666666667,8.0,7,8,8,lower_order
Lee Yong Lepcha,6.166666666666667,6.0,3,8,6,middle_order
Lekhaz Reddy,6.25,6.0,5,8,6,middle_order
Licha Tehi,11.0,11.0,11,11,11,tailender
Liyan Khan,2.0,2.0,2,2,2,opener
Logesh Prabagaran,3.0,3.0,3,3,3,top_order
Lone Nasir Muzaffar,6.0,6.0,6,6,6,middle_order
M Ahmed,5.0,5.0,4,6,5,middle_order
M Ashwin,7.833333333333333,8.0,3,10,8,lower_order
M Dheeraj Kumar,5.857142857142857,6.0,4,7,6,middle_order
M Manhas,4.666666666666667,5.0,3,6,5,middle_order
M Markande,9.222222222222221,9.0,8,11,8,lower_order
M Mohammed,6.722222222222222,7.0,3,10,7,lower_order
M Pranith,2.0,2.0,2,2,2,opener
M Prasidh Krishna,11.0,11.0,11,11,11,tailender
M Rawat,4.428571428571429,4.0,4,5,4,top_order
M Shahrukh Khan,4.708333333333333,5.0,1,7,5,middle_order
M Siddharth,8.0,8.0,8,8,8,lower_order
M Vijay,1.1111111111111112,1.0,1,2,1,opener
M Vohra,1.1,1.0,1,3,1,opener
MA Agarwal,1.9714285714285715,2.0,1,5,2,opener
MA Sharma,1.0,1.0,1,1,1,opener
MC Juneja,3.111111111111111,3.0,3,4,3,top_order
MD Ingale,9.5,9.5,9,10,9,tailender
MD Nidheesh,9.333333333333334,9.0,9,10,9,tailender
MD Rahmatullah,4.6923076923076925,5.0,4,6,5,middle_order
MG Sirur,7.375,8.5,3,10,9,tailender
MK Lomror,3.967741935483871,4.0,2,6,4,top_order
MK Mahale,7.0,7.0,7,7,7,lower_order
MK Pandey,3.5294117647058822,3.5,1,5,3,top_order
MK Tiwary,3.8518518518518516,4.0,3,6,4,top_order
MM Sharma,9.0,9.0,9,9,9,tailender
MN Singh,1.1176470588235294,1.0,1,2,1,opener
MR Raut,6.0,6.0,5,7,5,middle_order
MR Shylla,3.0,3.0,3,3,3,top_order
MS Akhil,6.0,6.0,6,6,6,middle_order
MS Bhandage,6.4,6.0,6,7,6,middle_order
MS Gony,7.7,8.0,6,9,8,lower_order
MS Hooda,3.75,3.0,3,6,3,top_order
MS Redkar,8.0,8.0,8,8,8,lower_order
MSR Charan,3.0,3.0,3,3,3,top_order
MSS Hussain,9.0,9.0,9,9,9,tailender
MV Pithiya,9.0,9.0,9,9,9,tailender
Madhav Avsh,6.0,6.0,6,6,6,middle_order
Madhav Kaushik,1.5,1.5,1,2,1,opener
Manan Sharma,8.5,8.5,8,9,8,lower_order
Mandeep Singh,3.6315789473684212,3.0,1,7,3,top_order
Mandup Bhutia,7.444444444444445,8.0,5,9,8,lower_order
Mangal Mahrour,1.9411764705882353,1.0,1,5,1,opener
Manik Beri,3.0,3.0,3,3,3,top_order
Manik Gupta,10.0,10.0,9,11,9,tailender
Manisankar Murasingh,5.84375,6.0,3,9,6,middle_order
Manish Dogra,5.0,5.0,5,5,5,middle_order
Manish Golamaru,6.4,7.0,3,9,7,lower_order
Manjeet Singh,9.5,9.5,9,10,9,tailender
Manjinder Singh,5.0,5.0,5,5,5,middle_order
Manjot Kalra,1.0,1.0,1,1,1,opener
Manogaran Pooviarasan,9.0,9.0,9,9,9,tailender
Manoj Singh,6.0,6.0,5,7,6,middle_order
Manvan Patel,9.5,9.5,8,11,8,lower_order
Manzoor Dar,5.181818181818182,5.0,3,7,7,lower_order
Marimuthu Vikneshwaran,5.666666666666667,6.0,1,8,5,middle_order
Mark Ingty,6.333333333333333,6.0,6,7,6,middle_order
Mayank Dagar,9.333333333333334,9.0,8,10,9,tailender
Mayank Mishra,8.444444444444445,8.0,8,9,8,lower_order
Mayank Raghav,1.0,1.0,1,1,1,opener
Mayank Rawat,6.0,6.0,6,6,6,middle_order
Mayank Sidhana,4.6,5.0,4,5,5,middle_order
Md Nazim,8.0,8.0,8,8,8,lower_order
Md Saptula,10.333333333333334,11.0,9,11,11,tailender
Mehdi Hassan,9.375,9.0,8,11,9,tailender
Mickil Jaiswal,5.666666666666667,6.0,5,6,6,middle_order
Mihir Hirwani,9.125,9.5,8,10,10,tailender
Milind Kumar,4.615384615384615,4.5,2,6,6,middle_order
Mitesh Patel,3.5,2.0,2,9,2,opener
Moakumzuk Tzudir,10.0,11.0,8,11,11,tailender
Mohammad Saif,3.2,3.0,3,4,3,top_order
Mohammed Azharuddeen,3.259259259259259,2.0,1,7,2,opener
Mohammed Mudhasir,9.428571428571429,10.0,6,11,10,tailender
Mohammed Shami,9.0,9.0,8,10,8,lower_order
Mohammed Siraj,10.166666666666666,10.0,10,11,10,tailender
Mohammed Taha,1.0,1.0,1,1,1,opener
Mohd Israr,9.0,9.0,9,9,9,tailender
Mohit Ahlawat,5.166666666666667,5.5,3,6,6,middle_order
Mohit Jangra,7.0,6.5,4,11,4,top_order
Mohit Kumar,8.2,8.0,8,9,8,lower_order
Mohit Mittan,5.333333333333333,5.0,5,6,5,middle_order
Mohit Mongia,3.3333333333333335,2.0,2,6,2,opener
Mohsin Khan,8.8,9.0,7,10,10,tailender
Monu Kumar,9.11111111111111,9.0,8,11,8,lower_order
Mrinmoy Dutta,10.5,10.5,10,11,10,tailender
Mrunal Devdhar,1.2647058823529411,1.0,1,2,1,opener
Mughavi Wotsa,6.666666666666667,8.0,2,10,2,opener
Mujtaba Yousuf,10.0,10.0,10,10,10,tailender
Mukesh Choudhary,10.0,10.0,10,10,10,tailender
Mukesh Kumar,10.5,10.5,10,11,10,tailender
Mukhtar Hussain,9.5,9.5,8,11,9,tailender
Myendung Singpho,7.285714285714286,8.0,3,10,6,middle_order
N A Sharma,6.0,7.0,3,8,7,lower_order
N Jagadeesan,3.5,2.0,1,7,2,opener
N Joshi,9.0,9.0,9,9,9,tailender
N Kushwah,4.5,4.5,3,6,3,top_order
N Rana,4.086956521739131,4.0,3,5,4,top_order
N Saini,2.6666666666666665,4.0,1,4,4,top_order
N Sindhu,4.5,4.5,4,5,4,top_order
N Wadhera,4.75,5.0,3,6,5,middle_order
NA Rathva,4.666666666666667,5.0,2,8,2,opener
NB Singh,10.666666666666666,11.0,10,11,11,tailender
NK Singh,5.0,6.0,2,7,2,opener
NN Bhute,9.0,9.0,9,9,9,tailender
NN Sen,7.857142857142857,8.0,6,10,7,lower_order
NN Sen Chowdhary,3.8333333333333335,3.5,1,8,3,top_order
NR Narah,3.6666666666666665,5.0,1,5,5,middle_order
NS Chaturved,4.75,5.0,1,8,1,opener
NS Naik,5.5,5.5,4,7,5,middle_order
NS Rathour,5.0,5.0,5,5,5,middle_order
NS Sharma,7.0,7.0,7,7,7,lower_order
NV Ojha,1.8095238095238095,1.0,1,4,1,opener
Nabam Tatang,6.0,6.0,6,6,6,middle_order
Nabam Tempol,8.5,8.5,8,9,8,lower_order
Nagaho Chishi,8.0,8.0,5,10,8,lower_order
Nakul Sharma,5.636363636363637,6.0,3,7,6,middle_order
Nakul Verma,1.75,1.0,1,6,1,opener
Nalin Mishra,2.0,2.0,2,2,2,opener
Naman Dhir,3.0,3.0,3,3,3,top_order
Naren Reddy,6.0,6.0,6,6,6,middle_order
Narsingh Yadav,2.6875,2.5,1,7,1,opener
Naushad Shaikh,3.9375,4.0,2,6,4,top_order
Navdeep Saini,10.0,10.0,10,10,10,tailender
Navneet Virk,4.0,4.0,4,4,4,top_order
Nawazul Munier,8.0,8.0,8,8,8,lower_order
Nazeeb Saiyed,4.428571428571429,5.0,3,6,5,middle_order
Nazim Siddiqui,4.2,5.0,2,7,2,opener
Neelam Obi,2.909090909090909,3.0,1,6,1,opener
Neelambuj Vats,8.5,9.0,7,9,9,tailender
Neetesh Sharma,6.0,6.0,6,6,6,middle_order
Ngangom Rajesh Singh,6.5,6.5,6,7,6,middle_order
Nihal Surlaker,10.0,10.0,10,10,10,tailender
Nikhil Chaudhary,6.25,6.0,5,8,6,middle_order
Nikhil Gangta,5.0,5.0,4,7,4,top_order
Nikhil Kohli,10.5,10.5,10,11,10,tailender
Nikhilesh Surendran,4.666666666666667,4.0,1,9,1,opener
Nilesh Lamichaney,3.090909090909091,2.0,1,8,1,opener
Ninad Kadam,6.25,7.0,4,7,7,lower_order
Nipan Deka,6.5,6.5,5,8,5,middle_order
Nishunk Birla,11.0,11.0,11,11,11,tailender
Nitesh Lohchab,2.3333333333333335,3.0,1,3,3,top_order
Nitesh Sedai,3.823529411764706,4.0,1,7,2,opener
Nithish Kumar Reddy,3.0,3.0,3,3,3,top_order
Nitin Tanwar,7.571428571428571,8.0,7,8,8,lower_order
Nitin Yadav,11.0,11.0,11,11,11,tailender
Nitish Rao,10.0,10.0,10,10,10,tailender
Niyas Nizar,10.0,10.0,10,10,10,tailender
Nongthombam Denin,9.0,9.0,9,9,9,tailender
Nzanthung Mozhui,4.5,4.5,1,8,1,opener
OA Shah,5.0,5.0,5,5,5,middle_order
Oren Ngullie,5.5,5.5,1,10,1,opener
P Awana,11.0,11.0,11,11,11,tailender
P Chopra,1.6470588235294117,2.0,1,3,2,opener
P Dogra,4.032258064516129,4.0,3,6,4,top_order
P Dubey,7.076923076923077,7.0,5,9,6,middle_order
P Kumar,8.25,8.0,8,9,8,lower_order
P Negi,7.277777777777778,7.0,6,8,7,lower_order
P Nitesh Reddy,2.0,2.0,2,2,2,opener
P Prafullomani,2.6666666666666665,2.0,1,9,1,opener
P Prasanth,7.3,7.0,6,9,7,lower_order
P Ray Barman,8.5,8.5,8,9,8,lower_order
P Saravana Kumar,10.0,10.0,10,10,10,tailender
P Simran Singh,2.1142857142857143,2.0,1,7,2,opener
P Suyal,10.5,10.5,10,11,10,tailender
P Thamaraikannan,7.428571428571429,7.0,6,9,7,lower_order
PA Dahiya,6.0,6.0,6,6,6,middle_order
PA Patel,1.0666666666666667,1.0,1,2,1,opener
PA Reddy,2.25,2.0,1,4,2,opener
PB Mehta,7.0,7.0,7,7,7,lower_order
PJ Bhati,5.714285714285714,5.0,5,8,5,middle_order
PJ Sangwan,6.875,8.0,3,9,8,lower_order
PK Garg,3.9411764705882355,4.0,2,6,4,top_order
PN Mankad,4.9655172413793105,5.0,3,7,4,top_order
PP Chawla,6.827586206896552,7.0,3,10,7,lower_order
PP Ojha,9.5,9.5,9,10,9,tailender
PP Shaw,1.04,1.0,1,2,1,opener
PR Rekhade,3.0,3.0,3,3,3,top_order
PR Shah,7.75,8.0,7,8,8,lower_order
PR Veer,7.0,7.0,7,7,7,lower_order
PR Yadav,3.3333333333333335,3.0,3,4,3,top_order
PS Kataria,9.5,9.5,9,10,9,tailender
PS Kumar,4.0,4.0,4,4,4,top_order
PS Sairam,8.0,8.0,8,8,8,lower_order
PV Tambe,11.0,11.0,11,11,11,tailender
Padam Limboo,9.0,9.0,8,10,8,lower_order
Pallav Kumar Das,1.6129032258064515,1.0,1,7,1,opener
Palzor Tamang,5.722222222222222,5.0,5,8,5,middle_order
Pankaj Jaswal,7.238095238095238,7.0,4,11,7,lower_order
Pankaj Kumar,7.0,7.0,7,7,7,lower_order
Pankaj Rao,11.0,11.0,11,11,11,tailender
Pankaj Shaw,4.8,5.0,4,6,4,top_order
Pankaj Singh,9.2,10.0,7,10,10,tailender
Pappu Roy,10.714285714285714,11.0,10,11,11,tailender
Parameeswaran Sivaraman,4.0,4.0,4,4,4,top_order
Paras Sehrawat,5.25,5.0,4,7,4,top_order
Pardeep Yadav,6.0,6.0,6,6,6,middle_order
Paresh Patel,5.0,5.0,3,7,3,top_order
Pargat Singh,1.8333333333333333,2.0,1,2,2,opener
Parikshit Valsangkar,8.0,8.0,8,8,8,lower_order
Parivesh Dhar,10.0,10.0,10,10,10,tailender
Parth Chauhan,5.833333333333333,5.5,4,8,5,middle_order
Parth Kohli,5.666666666666667,6.0,5,6,6,middle_order
Parth Sahani,4.794117647058823,5.0,3,7,4,top_order
Parvez Ahmed,6.928571428571429,7.0,5,9,7,lower_order
Parvez Aziz,6.333333333333333,6.0,5,8,5,middle_order
Parvez Rasool,4.95,5.0,4,6,5,middle_order
Pavan Deshpande,4.833333333333333,5.0,4,6,5,middle_order
Pinninit Tapaswi,6.5,6.5,5,8,5,middle_order
Piyush Joshi,2.5,2.5,2,3,2,opener
Piyush Singh,1.8,2.0,1,2,2,opener
Piyush Tanwar,3.2,3.0,3,4,3,top_order
Ponnan Rahul,4.5,4.5,3,6,3,top_order
Prabesh Gurung,9.5,9.5,9,10,9,tailender
Prabin Luha,7.0,7.0,7,7,7,lower_order
Pradeep Chamoli,10.5,10.5,10,11,10,tailender
Pradeep Dadhe,11.0,11.0,11,11,11,tailender
Pradipta Pramanik,7.714285714285714,8.0,6,10,8,lower_order
Pragnay Reddy,1.875,2.0,1,3,2,opener
Pramod Chandila,5.571428571428571,6.0,4,8,6,middle_order
Pranav Gupta,3.0,3.0,3,3,3,top_order
Pranshu Vijayran,7.4,8.0,6,9,6,middle_order
Prashant Awasthi,3.6666666666666665,3.5,3,5,3,top_order
Prashant Gupta,1.5454545454545454,1.0,1,3,1,opener
Prashant Singh,8.4,9.0,7,9,9,tailender
Prashanth Kumar,3.65,3.0,1,6,3,top_order
Pratham Singh,1.90625,2.0,1,2,2,opener
Prathamesh Gawas,1.0,1.0,1,1,1,opener
Pratik Das,5.5,5.5,4,7,4,top_order
Pratik Desai,1.0,1.0,1,1,1,opener
Pratik Salunke,6.5,6.5,5,8,5,middle_order
Pratik Sargade,10.0,10.0,10,10,10,tailender
Pratyush Singh,4.714285714285714,4.0,3,7,4,top_order
Praveen Deshetti,2.0,2.0,2,2,2,opener
Prayas Singh,6.857142857142857,7.0,6,8,6,middle_order
Premraj Rajavelu,7.0,7.0,6,8,6,middle_order
Pritam Das,9.222222222222221,10.0,7,10,10,tailender
Pritam Debnath,3.5,3.5,2,5,2,opener
Pritam Nirala,10.0,11.0,7,11,11,tailender
Priyank Panchal,1.7222222222222223,2.0,1,2,2,opener
Priyansh Arya,1.0,1.0,1,1,1,opener
Priyesh Patel,2.25,2.5,1,3,3,top_order
Pukhraj Mann,6.0,6.0,5,7,5,middle_order
Pulkit Narang,9.0,9.0,9,9,9,tailender
Puneet Datey,8.6,9.0,8,9,9,tailender
Puneet Kumar,6.0,6.0,6,6,6,middle_order
Puneet Malik,6.0,6.0,6,6,6,middle_order
Punit Bisht,2.9,3.0,2,4,3,top_order
Qamran Iqbal,1.625,2.0,1,2,2,opener
R Ahir,7.0,7.0,7,7,7,lower_order
R Ashwin,6.666666666666667,7.0,4,8,7,lower_order
R Bhatia,2.7,1.0,1,6,1,opener
R Bishnoi,4.681818181818182,5.0,1,7,6,middle_order
R Dhawan,5.56,5.0,4,8,5,middle_order
R Parag,4.0,4.0,3,5,4,top_order
R Pratap Singh,6.0,6.0,6,6,6,middle_order
R Ralte,11.0,11.0,11,11,11,tailender
R Rohit,10.0,10.0,9,11,9,tailender
R Sai Kishore,7.25,8.5,3,10,9,tailender
R Sanjay Yadav,5.043478260869565,5.0,3,8,5,middle_order
R Sathish,6.5,6.5,6,7,6,middle_order
R Shukla,9.8,10.0,8,11,11,tailender
R Tewatia,5.733333333333333,6.0,1,7,6,middle_order
R Vinay Kumar,7.166666666666667,7.0,4,10,7,lower_order
RA Bawa,5.0,5.0,5,5,5,middle_order
RA Patil,2.0,2.0,2,2,2,opener
RA Tripathi,3.1379310344827585,2.0,2,8,2,opener
RB Bishnoi Jr,7.2,7.0,6,8,7,lower_order
RD Banik,2.6,3.0,2,3,3,top_order
RD Chahar,8.545454545454545,9.0,8,9,9,tailender
RD Gaikwad,1.1764705882352942,1.0,1,3,1,opener
RG Hazarika,2.0,2.0,2,2,2,opener
RG More,10.333333333333334,10.0,10,11,10,tailender
RH Bhatt,4.0,4.0,3,5,4,top_order
RH Motwani,2.75,3.0,2,3,3,top_order
RI Thakur,2.0,1.0,1,4,1,opener
RK Bhui,3.8214285714285716,4.0,3,5,3,top_order
RK Singh,4.771428571428571,5.0,1,6,5,middle_order
RL Jangid,5.631578947368421,6.0,4,8,4,top_order
RM Dagar,6.0,6.0,5,7,5,middle_order
RM Patidar,2.8823529411764706,3.0,1,5,3,top_order
RN Gurbani,8.833333333333334,9.0,8,9,9,tailender
RP Sharma,5.666666666666667,5.0,3,9,5,middle_order
RP Singh,9.0,9.0,9,9,9,tailender
RR Biswa,1.0,1.0,1,1,1,opener
RR Pant,1.625,2.0,1,2,2,opener
RR Raje,8.0,8.0,7,9,7,lower_order
RR Rathod,5.545454545454546,6.0,4,7,6,middle_order
RR Singh,4.25,3.0,3,8,3,top_order
RR Taylor,7.0,7.0,6,8,6,middle_order
RS Hangargekar,10.5,10.5,10,11,10,tailender
RS Jaganath Sinivas,6.0,6.0,6,6,6,middle_order
RS Khaira,4.0,4.0,4,4,4,top_order
RT Arothe,8.428571428571429,9.0,3,10,10,tailender
RV Gomez,6.1,6.0,5,7,6,middle_order
RV Patel,5.764705882352941,6.0,3,7,6,middle_order
RV Uthappa,2.793103448275862,3.0,1,7,1,opener
Rachit Bhatia,10.0,10.0,10,10,10,tailender
Raghav Dhawan,2.3333333333333335,2.0,1,4,1,opener
Raghu Sharma,11.0,11.0,11,11,11,tailender
Rahil Shah,10.0,10.0,9,11,10,tailender
Rahul Batham,7.5,7.5,7,8,7,lower_order
Rahul Buddhi,5.4375,6.0,1,7,6,middle_order
Rahul Dalal,3.8181818181818183,4.0,3,5,4,top_order
Rahul Khajan Singh,9.666666666666666,10.0,8,11,8,lower_order
Rahul Kumar,11.0,11.0,11,11,11,tailender
Rahul Singh,3.375,3.0,1,6,3,top_order
Rajashekhar Harikant,5.3,6.0,2,9,2,opener
Rajat Dey,4.904761904761905,5.0,3,7,4,top_order
Rajat Paliwal,4.185185185185185,4.0,3,6,4,top_order
Rajdeep Das,2.5,2.5,2,3,2,opener
Rajendran Vivek,5.4,6.0,3,9,3,top_order
Rajesh Dhuper,2.526315789473684,2.0,1,6,1,opener
Rajesh Mohanty,9.142857142857142,9.0,8,10,9,tailender
Rajesh Singh,4.666666666666667,5.0,3,6,5,middle_order
Rajesh Tati,2.0,2.0,2,2,2,opener
Rajiv Darjee,9.5,9.5,9,10,9,tailender
Rajjakuddin Ahmed,6.2,7.0,3,8,7,lower_order
Rakesh Kumar,8.5,8.5,8,9,8,lower_order
Rakesh Thakur,5.222222222222222,6.0,1,6,6,middle_order
Rakshan Readdi,11.0,11.0,11,11,11,tailender
Ram Dayal,8.833333333333334,8.5,8,10,8,lower_order
Ram Gurung,10.5,10.5,10,11,10,tailender
Ramachandran Ragupathy,1.4,1.0,1,2,1,opener
Ramandeep Singh,5.733333333333333,5.0,3,8,5,middle_order
Rana Dutta,8.625,8.5,7,10,10,tailender
Ranjeet Mali,10.5,10.5,10,11,10,tailender
Ranjeet Nikam,5.666666666666667,6.0,4,6,6,middle_order
Rasikh Salam,10.0,10.0,9,11,9,tailender
Raushan Raj,9.666666666666666,9.0,9,11,9,tailender
Ravi Bishnoi,8.571428571428571,9.0,5,11,9,tailender
Ravi Chauhan,1.8695652173913044,2.0,1,2,2,opener
Ravi Kiran,10.2,10.0,9,11,10,tailender
Ravi Teja,6.176470588235294,7.0,3,8,7,lower_order
Ravikumar Samarth,2.7777777777777777,3.0,1,4,3,top_order
Ravikumar Thakur,10.5,10.5,10,11,10,tailender
Reagan Pinto,4.0,4.0,3,5,3,top_order
Remruatdika Ralte,10.25,10.0,10,11,10,tailender
Reuben Lalhruaizela,5.0,5.0,5,5,5,middle_order
Rex Rajkumar,6.466666666666667,6.0,5,9,6,middle_order
Rinzing Bhutia,11.0,11.0,11,11,11,tailender
Rishabh Chouhan,5.625,5.5,3,9,7,lower_order
Rishabh Tiwari,1.4285714285714286,1.0,1,3,1,opener
Rishav,4.0,4.0,4,4,4,top_order
Rishav Das,2.2941176470588234,2.0,1,7,1,opener
Rishikesh Das,1.0,1.0,1,1,1,opener
Ritesh Negi,8.0,8.0,7,9,7,lower_order
Ritwik Roy Chowdhury,5.352941176470588,6.0,1,7,6,middle_order
Robin Bist,3.5833333333333335,3.0,3,5,3,top_order
Rohan Kadam,1.64,1.0,1,5,1,opener
Rohan Kunnummal,1.5384615384615385,1.0,1,3,1,opener
Rohan Prem,3.2,3.0,3,6,3,top_order
Rohan Suresh,11.0,11.0,11,11,11,tailender
Rohit Dahiya,6.375,7.0,3,8,7,lower_order
Rohit Dangwal,11.0,11.0,11,11,11,tailender
Rohit Dhruw,8.0,8.0,8,8,8,lower_order
Rohit Jhanjhariya,1.0,1.0,1,1,1,opener
Rohit Rayudu,3.7142857142857144,4.0,2,6,2,opener
Rohit Shah,2.6,3.0,1,4,1,opener
Rohit Sharma,11.0,11.0,11,11,11,tailender
Rojith Ganesh,5.666666666666667,7.0,3,7,7,lower_order
Romario Sharma,6.0,6.0,5,7,5,middle_order
Rongsen Jonathan,2.8095238095238093,3.0,1,5,3,top_order
Roosh Kalaria,8.285714285714286,8.0,6,10,8,lower_order
Rosan Kumar Rao,5.333333333333333,6.0,3,7,3,top_order
Roshan Alam,9.5,9.5,9,10,9,tailender
S Anirudha,5.5,7.0,2,8,7,lower_order
S Aravind,10.6,11.0,10,11,11,tailender
S Arora,3.0,3.0,3,3,3,top_order
S Dhawan,1.25,1.0,1,2,1,opener
S Dube,5.628571428571429,6.0,3,8,5,middle_order
S Gani,4.181818181818182,4.0,3,6,4,top_order
S Ghadigaonkar,3.0,3.0,3,3,3,top_order
S Gopal,7.625,8.0,6,9,8,lower_order
S Habib Gandhi,4.5,4.5,4,5,4,top_order
S Hegde,9.0,9.0,9,9,9,tailender
S Karthik,2.1,1.0,1,6,1,opener
S Kaul,9.714285714285714,10.0,9,10,10,tailender
S Midhun,8.5,8.5,7,10,8,lower_order
S Mylliempdah,3.0,3.0,2,4,2,opener
S Nadeem,7.625,8.0,3,9,8,lower_order
S Sanandia,8.166666666666666,8.0,7,9,8,lower_order
S Sandeep Warrier,11.0,11.0,11,11,11,tailender
S Solanki,3.5,3.5,3,4,3,top_order
SA Asnodkar,1.9,2.0,1,2,2,opener
SA Yadav,4.3,4.0,3,7,4,top_order
SB Dubey,4.5,4.0,3,6,4,top_order
SB Jakati,7.857142857142857,8.0,7,9,7,lower_order
SB Wagh,8.615384615384615,8.0,7,11,8,lower_order
SC Das,7.0,7.0,6,8,6,middle_order
SD Chitnis,6.0,6.0,6,6,6,middle_order
SD Lad,4.25,4.0,2,6,4,top_order
SF Khan,4.181818181818182,3.0,3,6,3,top_order
SG Rohilla,2.0,2.0,2,2,2,opener
SJ Barman,11.0,11.0,11,11,11,tailender
SK Das,7.0,7.0,7,7,7,lower_order
SK Gharami,3.0,3.0,3,3,3,top_order
SK Ismail,11.0,11.0,11,11,11,tailender
SK Patel,2.4,2.0,1,5,1,opener
SK Raina,3.0,3.0,3,3,3,top_order
SK Rasheed,5.0,5.0,4,6,4,top_order
SL Verma,3.090909090909091,3.0,3,4,3,top_order
SM Fallah,10.8,11.0,10,11,11,tailender
SM Gugale,1.8888888888888888,1.0,1,5,1,opener
SM Kazi,8.571428571428571,8.0,8,10,8,lower_order
SM Patidar,4.0,4.0,4,4,4,top_order
SM Rohilla,6.0,6.0,6,6,6,middle_order
SM Singha,1.6363636363636365,2.0,1,2,2,opener
SN Khan,5.222222222222222,5.5,1,7,6,middle_order
SN Mandal,3.0,3.0,3,3,3,top_order
SN Thakur,8.272727272727273,8.0,7,9,9,tailender
SP Goswami,1.25,1.0,1,5,1,opener
SP Jackson,3.324324324324324,4.0,1,6,4,top_order
SR Swain,6.6,6.0,6,8,6,middle_order
SS Agarwal,8.6,9.0,7,9,9,tailender
SS Bandekar,6.4,6.0,6,7,6,middle_order
SS Bandiwar,11.0,11.0,11,11,11,tailender
SS Dobal,3.5,3.5,3,4,3,top_order
SS Dubhashi,6.0,6.0,6,6,6,middle_order
SS Ghosh,5.0,5.0,5,5,5,middle_order
SS Iyer,3.0,3.0,1,5,3,top_order
SS Majumder,7.538461538461538,8.0,2,10,8,lower_order
SS Mundhe,4.730769230769231,3.0,3,9,3,top_order
SS Prabhudessai,5.363636363636363,5.0,1,8,5,middle_order
SS Sharma,5.0,5.0,4,6,5,middle_order
SS Shinde,9.0,9.0,9,9,9,tailender
SS Tiwary,3.903225806451613,4.0,1,5,4,top_order
SSK Bal,4.0,3.0,3,6,3,top_order
SSK Chaudhary,8.0,8.0,8,8,8,lower_order
ST Suwalka,1.0,1.0,1,1,1,opener
STR Binny,4.869565217391305,5.0,4,6,4,top_order
SU Shrivastava,3.3333333333333335,3.0,3,5,3,top_order
SU Yadav,6.0,6.0,6,6,6,middle_order
SV Samson,2.6774193548387095,3.0,1,4,3,top_order
SZ Mulani,7.416666666666667,8.0,4,10,8,lower_order
Saahil Jain,5.454545454545454,5.0,4,8,5,middle_order
Sabin Chettri,7.0,7.0,7,7,7,lower_order
Sachidanand Pandey,8.4,8.0,6,10,8,lower_order
Sachin Baby,4.171428571428572,4.0,3,5,4,top_order
Sachin Kumar,5.375,5.5,3,7,5,middle_order
Sagar Trivedi,5.181818181818182,6.0,1,9,6,middle_order
Sagar Udeshi,9.6,10.0,9,10,10,tailender
Sagun Kamat,2.125,2.0,1,4,1,opener
Sahban Khan,7.0,7.0,7,7,7,lower_order
Sahil Gupta,1.0,1.0,1,1,1,opener
Sahil Lotra,9.0,9.0,9,9,9,tailender
Saidingliana Sailo,6.8,7.0,5,9,5,middle_order
Sairaj Patil,6.0,6.0,5,7,5,middle_order
Salman Baig,5.0,5.0,2,8,2,opener
Salman Nizar,5.7,6.0,4,7,6,middle_order
Samar Quadri,9.0,10.0,7,10,10,tailender
Samarpit Joshi,5.0,5.0,5,5,5,middle_order
Samarth Seth,1.3333333333333333,1.0,1,4,1,opener
Samarth Singh,1.92,2.0,1,3,2,opener
Samarth Vyas,3.590909090909091,3.0,2,8,3,top_order
Sameer Choudhary,5.5,6.0,3,7,6,middle_order
Sameer Rizvi,4.428571428571429,4.0,4,6,4,top_order
Samit Gohel,3.0,3.0,3,3,3,top_order
Sammar Gajjar,6.0,6.0,6,6,6,middle_order
Sams Alam,10.5,10.5,10,11,10,tailender
Sanatombaroy Laiphangbam,5.0,5.0,5,5,5,middle_order
Sandeep Pattnaik,2.111111111111111,2.0,1,4,2,opener
Sandeep Sharma,9.875,10.0,9,11,10,tailender
Sanidhya Hurkat,2.0,2.0,1,3,1,opener
Sanjay Budhwar,11.0,11.0,11,11,11,tailender
Sanjay Raghunath,1.75,2.0,1,2,2,opener
Sanjeet Desai,4.285714285714286,4.0,3,8,3,top_order
Sankar Paul,5.8,6.0,3,8,6,middle_order
Santha Moorthy,10.0,10.0,10,10,10,tailender
Sanvir Singh,5.916666666666667,6.0,4,7,6,middle_order
Saransh Jain,7.75,8.0,5,10,10,tailender
Sarbeswar Mohanty,7.0,7.0,6,8,7,lower_order
Sarfaraz Ashraf,6.333333333333333,6.5,4,8,6,middle_order
Sarthak Ranjan,3.0,2.5,2,5,2,opener
Sarul Kanwar,1.75,2.0,1,2,2,opener
Satish Jangir,8.0,8.0,8,8,8,lower_order
Satyajeet Bachhav,8.636363636363637,9.0,7,10,8,lower_order
Saurabh Das,7.333333333333333,8.0,3,10,8,lower_order
Saurabh Dubey,6.5,6.5,6,7,6,middle_order
Saurabh Kumar,7.0,7.0,4,9,7,lower_order
Saurabh Rawat,4.2105263157894735,4.0,2,7,4,top_order
Saurabh Wakaskar,2.625,3.0,1,4,3,top_order
Saurav Chauhan,3.230769230769231,3.0,2,5,2,opener
Sayan Ghosh,10.6,11.0,10,11,11,tailender
Sayan Mondal,3.0,2.0,1,7,1,opener
Sedezhalie Rupero,2.533333333333333,2.0,2,6,2,opener
Shahbaz Ahmed,5.944444444444445,6.0,3,8,6,middle_order
Shakeeb Ahmed,6.285714285714286,6.0,5,8,5,middle_order
Shantanu Mishra,1.0,1.0,1,1,1,opener
Shanu Saini,10.0,10.0,10,10,10,tailender
Sharad Lumba,5.875,6.0,5,7,6,middle_order
Sharafuddeen,5.0,5.0,5,5,5,middle_order
Shashank Chandrakar,1.8888888888888888,2.0,1,7,2,opener
Shashank Singh,4.56,5.0,2,7,5,middle_order
Shasheem Rathour,2.5,2.0,2,7,2,opener
Shashi Anand,10.0,10.0,10,10,10,tailender
Shashi Shekhar,10.666666666666666,11.0,10,11,11,tailender
Shashidhar Reddy,3.0,3.0,3,3,3,top_order
Shashwat Kohli,3.2857142857142856,2.0,2,6,2,opener
Shashwat Rawat,1.5,1.5,1,2,1,opener
Shekhar Kumar Singh,5.0,5.0,5,5,5,middle_order
Shiva Chauhan,7.0,7.0,7,7,7,lower_order
Shiva Singh,8.0,8.0,7,9,8,lower_order
Shivam Bhambri,2.6923076923076925,3.0,2,3,3,top_order
Shivam Chaudhary,2.347826086956522,2.0,1,5,2,opener
Shivam Chauhan,3.652173913043478,4.0,1,5,4,top_order
Shivam Khurana,6.0,6.0,5,7,6,middle_order
Shivam Kumar,9.5,9.5,9,10,9,tailender
Shivam Mavi,8.25,8.0,8,9,8,lower_order
Shivam Sharma,9.333333333333334,9.0,9,10,9,tailender
Shivam Shukla,9.0,9.0,9,9,9,tailender
Shivank Vashisth,8.0,8.0,7,9,7,lower_order
Shivendra Singh,8.285714285714286,8.0,7,10,7,lower_order
Shoaib Mohammed Khan,7.833333333333333,8.0,7,9,8,lower_order
Shreshth Nirmohi,11.0,11.0,11,11,11,tailender
Shubham Arora,3.0,3.0,3,3,3,top_order
Shubham Chaubey,5.6,6.0,2,8,5,middle_order
Shubham Kamal Sharma,7.333333333333333,7.0,7,8,7,lower_order
Shubham Khajuria,1.9473684210526316,2.0,1,4,1,opener
Shubham Kumar Singh,10.0,10.0,10,10,10,tailender
Shubham Pundir,4.238095238095238,4.0,3,7,4,top_order
Shubham Ranjane,5.769230769230769,6.0,4,8,7,lower_order
Shubham Sharma,2.3333333333333335,2.0,1,4,2,opener
Shubham Singh,9.0,9.0,9,9,9,tailender
Shubman Gill,1.3333333333333333,1.0,1,2,1,opener
Sibsankar Roy,3.2,3.0,2,5,3,top_order
Siddhesh Wath,2.111111111111111,1.0,1,5,1,opener
Sijomon Joseph,8.0,8.0,8,8,8,lower_order
Simarjeet Singh,10.333333333333334,10.0,10,11,10,tailender
Sinan Khadir,4.428571428571429,5.0,1,7,3,top_order
Sirla Srinivas,7.5,7.0,7,9,7,lower_order
Snehal Kauthankar,2.9,3.0,1,6,3,top_order
Soaeb Tai,7.6,7.0,6,9,7,lower_order
Sohraab Dhaliwal,6.357142857142857,6.0,5,7,6,middle_order
Somnath Soni,11.0,11.0,11,11,11,tailender
Somorjit Salam,9.666666666666666,9.0,9,11,9,tailender
Song Tacho,5.545454545454546,7.0,2,7,7,lower_order
Sonu Singh,9.0,9.0,9,9,9,tailender
Sonu Yadav,5.0,5.0,5,5,5,middle_order
Sourabh Majumdar,10.5,10.5,10,11,10,tailender
Sourav Dey,10.0,10.0,10,10,10,tailender
Srinivas Fadte,8.333333333333334,9.0,4,11,9,tailender
Subham Nayak,9.0,9.0,9,9,9,tailender
Subhransu Senapati,3.3,3.0,3,5,3,top_order
Suboth Bhati,7.411764705882353,9.0,2,10,9,tailender
Subramanian Anand,4.375,4.5,3,6,5,middle_order
Sudip Chatterjee,3.0952380952380953,3.0,1,4,4,top_order
Sufiyan Alam,2.5,2.5,2,3,2,opener
Suheh Hussain,5.0,5.0,3,7,3,top_order
Sujit Nayak,7.0,7.0,7,7,7,lower_order
Sukesh Heera,2.0,2.0,2,2,2,opener
Sultan Karim,7.6,7.5,6,9,9,tailender
Sumit Kumar,5.5,6.0,3,8,6,middle_order
Sumit Lama,8.75,9.0,8,9,9,tailender
Sumit Ruikar,8.875,9.0,8,10,8,lower_order
Sumit Singh,5.25,5.0,3,8,3,top_order
Sunil Roul,9.5,9.5,9,10,9,tailender
Sunil Yadav,8.5,8.5,8,9,8,lower_order
Sunny Gupta,9.0,9.0,9,9,9,tailender
Sunny Kashyap,9.0,9.0,9,9,9,tailender
Sunny Rana,9.25,9.5,8,10,10,tailender
Supriyo Chakraborty,5.5,5.5,4,7,4,top_order
Suraj Ahuja,6.125,6.0,5,7,6,middle_order
Suraj Kashyap,7.0,7.0,7,7,7,lower_order
Suraj Tayam,4.0,3.0,3,6,3,top_order
Suresh Kumar,5.666666666666667,6.0,3,8,3,top_order
Suryakant Pradhan,8.076923076923077,8.0,7,9,8,lower_order
Suryansh Raina,5.5,7.0,1,8,7,lower_order
Suryansh Shedge,6.333333333333333,6.0,6,7,6,middle_order
Swapnil Singh,5.666666666666667,6.0,3,8,6,middle_order
Swarajeet Das,5.0,6.0,2,8,6,middle_order
Swarupam Purkayastha,2.6923076923076925,2.0,2,9,2,opener
Swastik Samal,1.0,1.0,1,1,1,opener
Syed Sagar,8.25,8.5,7,9,9,tailender
T Kohli,1.9615384615384615,1.5,1,6,1,opener
T Mishra,3.0,3.0,2,4,2,opener
T Pradeep,8.0,8.5,5,10,9,tailender
T R Dhillon,8.0,8.0,8,8,8,lower_order
T Tatar,3.0,3.0,3,3,3,top_order
T Vijay,8.0,8.0,8,8,8,lower_order
TM Srivastava,3.0,3.0,3,3,3,top_order
TS Saha,7.75,8.5,5,9,9,tailender
TT Sawkar,5.2,5.0,3,8,3,top_order
TU Deshpande,10.666666666666666,11.0,9,11,11,tailender
Tahmeed Rahman,8.7,9.0,7,10,9,tailender
Tajinder Singh,5.636363636363637,6.0,4,6,6,middle_order
Takam Tallum,8.0,8.0,8,8,8,lower_order
Tana Davit,6.333333333333333,8.0,3,8,8,lower_order
Tanay Thyagarajan,7.909090909090909,8.0,6,9,8,lower_order
Tanmay Agarwal,1.25,1.0,1,4,1,opener
Tanush Gusain,1.0,1.0,1,1,1,opener
Tanush Kotian,9.25,9.0,9,10,9,tailender
Tanveer Ul-Haq,8.875,9.0,7,10,9,tailender
Tarang Gohel,1.1428571428571428,1.0,1,2,1,opener
Tarani Sa,11.0,11.0,11,11,11,tailender
Tashi Bhalla,8.0,8.0,7,9,7,lower_order
Techi Doria,2.5,2.0,1,7,2,opener
Techi Neri,7.090909090909091,8.0,2,10,8,lower_order
Techi Sonam,4.0,4.0,3,5,3,top_order
Tejas Patel,9.75,10.0,9,10,10,tailender
Tejosel Yiethun,2.0,2.0,2,2,2,opener
Temjentoshi Jamir,10.0,10.0,10,10,10,tailender
Thomas Moirangthem,9.0,9.0,8,10,8,lower_order
Tilak Varma,3.111111111111111,3.0,2,5,3,top_order
Toni Chishi,6.0,6.0,6,6,6,middle_order
Treyaksh Bali,2.1666666666666665,2.0,1,3,2,opener
Tripuresh Singh,8.0,8.0,8,8,8,lower_order
Tukuna Sahoo,3.6666666666666665,1.0,1,9,1,opener
Tushar Gill,7.0,7.0,7,7,7,lower_order
U Kaul,2.5,2.5,2,3,2,opener
U U Bose,1.9166666666666667,2.0,1,5,1,opener
UBT Chand,1.3,1.0,1,4,1,opener
UR Kumar,3.75,3.5,3,5,3,top_order
UR Patel,6.4,6.0,6,8,6,middle_order
UT Yadav,7.333333333333333,8.0,2,9,8,lower_order
Umang Sharma,3.727272727272727,4.0,1,6,4,top_order
Umar Alam,8.5,8.5,8,9,8,lower_order
Umar Nazir,10.75,11.0,10,11,11,tailender
Unnikrishnan Manukrishnan,8.2,8.0,8,9,8,lower_order
Upendra Yadav,3.2083333333333335,3.5,1,6,1,opener
Urvil Patel,2.129032258064516,2.0,1,5,2,opener
Utkarsh Singh,4.6,4.0,2,9,2,opener
Uvais Ahmad,4.142857142857143,5.0,1,6,5,middle_order
V Athisayaraj Davidson,11.0,11.0,11,11,11,tailender
V Cheluvaraj,4.5,4.5,4,5,4,top_order
V Dhaka,6.0,6.0,6,6,6,middle_order
V Kaverappa,11.0,11.0,11,11,11,tailender
V Nayanar,2.0,2.0,2,2,2,opener
V Nigam,7.0,7.0,7,7,7,lower_order
V Panwar,11.0,11.0,11,11,11,tailender
V Pratap Singh,9.5,10.0,8,10,10,tailender
V Sehwag,3.0,3.0,2,4,2,opener
V Shankar,4.4,4.0,3,6,4,top_order
V Tokas,10.0,10.0,9,11,9,tailender
V Vishal,2.0,2.0,2,2,2,opener
VA Jagadeesh,3.2222222222222223,1.0,1,9,1,opener
VG Arora,10.75,11.0,10,11,11,tailender
VH Zol,2.375,2.0,2,3,2,opener
VK Saha,10.0,10.0,9,11,9,tailender
VR Aaron,9.25,10.0,7,11,10,tailender
VR Iyer,4.205882352941177,5.0,1,8,5,middle_order
VS Kahlon,4.0,4.0,4,4,4,top_order
VV Gite,8.0,8.0,8,8,8,lower_order
VV More,7.0,7.0,7,7,7,lower_order
Vaibhav Bhatt,6.0,6.0,6,6,6,middle_order
Vaibhav Govekar,1.5,1.5,1,2,1,opener
Vaibhav Singh Panwar,4.555555555555555,4.0,3,6,4,top_order
Varun Choudhary,10.0,10.0,10,10,10,tailender
Varun Sood,5.444444444444445,6.0,2,9,2,opener
Vasuki Koushik,10.0,10.0,10,10,10,tailender
Vidyadhar Patil,10.0,10.0,10,10,10,tailender
Vijay Bharti,1.25,1.0,1,2,1,opener
Vijay Jethi,6.5,6.5,6,7,6,middle_order
Vijay Rao,6.5,6.5,6,7,6,middle_order
Vijay Sharma,5.7,5.5,3,8,5,middle_order
Vijaykumar Vyshak,8.4,8.0,7,10,8,lower_order
Vijesh Prabhudessai,11.0,11.0,11,11,11,tailender
Vikas Hathwala,5.2727272727272725,5.0,4,8,5,middle_order
Vikas Mishra,11.0,11.0,11,11,11,tailender
Vikas Yadav,9.4,10.0,8,10,10,tailender
Vikash Kumar,6.0,6.0,5,7,6,middle_order
Vikash Singh,9.2,9.0,8,10,9,tailender
Vikash Yadav,8.0,8.0,8,8,8,lower_order
Vikrant Rajput,3.3333333333333335,3.0,3,5,3,top_order
Vinod Kumar,8.5,8.5,8,9,8,lower_order
Vinoop Manoharan,5.875,6.0,4,7,6,middle_order
Vipin Dhaka,5.0,5.0,4,6,4,top_order
Virat Singh,2.5277777777777777,3.0,1,4,3,top_order
Vishal Das,11.0,11.0,11,11,11,tailender
Vishal Jayswal,8.666666666666666,9.0,8,9,9,tailender
Vishal Kushwah,5.65,6.0,2,7,6,middle_order
Vishnu Solanki,4.35,3.0,2,8,3,top_order
Vishnu Vinod,2.7777777777777777,2.0,1,6,1,opener
Vishvaraj Jadeja,4.0,4.0,1,8,4,top_order
Vivek Kumar,8.125,8.0,7,9,8,lower_order
Vivek Singh,3.0476190476190474,2.0,2,6,2,opener
Vivekanand Tiwari,9.333333333333334,9.0,9,10,9,tailender
Vivrant Sharma,1.5,1.5,1,2,1,opener
W Nongkhlaw,10.0,10.0,10,10,10,tailender
WP Saha,2.875,2.0,1,6,2,opener
Walter Toppo,7.0,7.0,7,7,7,lower_order
Waseem Raza,8.0,8.0,7,9,8,lower_order
Washington Sundar,2.96,2.0,1,6,2,opener
Wasiqur Rahman,5.866666666666666,6.0,3,8,5,middle_order
Writtick Chatterjee,5.615384615384615,6.0,3,9,6,middle_order
X Thalaivan Sargunam,3.1666666666666665,3.0,1,5,3,top_order
Y Avinash Jadhav,2.5,2.5,2,3,2,opener
Y Nagar,2.6666666666666665,2.0,2,4,2,opener
Y Prithvi Raj,11.0,11.0,11,11,11,tailender
Y Sandeep,6.0,6.0,6,6,6,middle_order
YB Kothari,1.0,1.0,1,1,1,opener
YBK Jaiswal,2.125,3.0,1,3,3,top_order
YD Gardharia,9.0,9.0,9,9,9,tailender
YK Pathan,4.782608695652174,5.0,4,6,5,middle_order
YR Sharma,4.2,5.0,3,5,5,middle_order
YS Chahal,9.8,10.0,9,10,10,tailender
YV Dhull,2.8,3.0,2,3,3,top_order
YV Rathod,3.0,3.0,3,3,3,top_order
YV Takawale,2.5,2.0,1,5,2,opener
YY Singh,2.0,2.0,2,2,2,opener
Yab Niya,9.2,9.0,8,11,8,lower_order
Yash Dayal,11.0,11.0,11,11,11,tailender
Yash Nahar,1.75,2.0,1,2,2,opener
Yash Thakur,9.88888888888889,10.0,9,11,10,tailender
Yashaswi Rishav,3.0,3.0,1,5,1,opener
Yashpal Singh,3.6,3.0,2,6,3,top_order
Yogesh Sharma,11.0,11.0,11,11,11,tailender
Yogesh Tiwari,2.0,1.5,1,4,1,opener
Yudhvir Singh,7.857142857142857,8.0,6,10,6,middle_order
Yuvraj Chudasama,10.333333333333334,10.0,10,11,10,tailender
Yuvraj Singh,5.052631578947368,4.0,2,11,4,top_order
Zafar Ali,1.0,1.0,1,1,1,opener
Zahoor Sofi,8.0,7.5,7,10,7,lower_order
