dataset,feature,count,missing_count,min,max,mean,median,std
smat_batting,total_runs,1301,0,0.0,1432.0,141.953,43.0,228.877
smat_batting,total_matches,1301,0,1.0,46.0,8.124,4.0,8.795
smat_batting,total_balls_faced,1301,0,0.0,1175.0,118.998,43.0,174.827
smat_batting,total_fours,1301,0,0.0,165.0,12.623,3.0,21.756
smat_batting,total_sixes,1301,0,0.0,75.0,4.952,1.0,9.2
smat_batting,total_dismissed,1301,0,0.0,40.0,6.399,3.0,7.364
smat_batting,avg_runs,1301,0,0.0,68.0,12.145,9.67,10.028
smat_batting,highest_score,1301,0,0.0,147.0,30.059,21.0,28.416
smat_batting,lowest_score,1301,0,0.0,68.0,2.55,0.0,5.841
smat_batting,not_out_rate,1301,0,-0.038,1.0,0.24,0.152,0.288
smat_batting,duck_count,1301,0,0.0,7.0,0.769,0.0,1.056
smat_batting,duck_rate,1301,0,0.0,1.0,0.13,0.0,0.23
smat_batting,consistency_score,1301,0,0.0,49.5,9.626,7.51,8.975
smat_batting,innings_above_30,1301,0,0.0,20.0,1.699,0.0,3.286
smat_batting,innings_above_50,1301,0,0.0,12.0,0.668,0.0,1.653
smat_batting,innings_above_30_pct,1301,0,0.0,1.0,0.123,0.0,0.191
smat_batting,innings_above_50_pct,1301,0,0.0,1.0,0.041,0.0,0.098
smat_batting,strike_rate,1300,1,0.0,400.0,97.444,100.965,46.219
smat_batting,boundary_rate,1300,1,0.0,1.0,0.11,0.111,0.089
smat_batting,six_rate,1300,1,0.0,0.333,0.03,0.018,0.039
smat_batting,four_rate,1300,1,0.0,1.0,0.08,0.079,0.074
smat_batting,boundary_runs_pct,1236,65,0.0,1.0,0.443,0.509,0.251
smat_batting,dot_ball_rate,1300,1,0.0,1.0,0.469,0.426,0.195
smat_batting,pp_runs,1301,0,0.0,777.0,42.643,1.0,94.486
smat_batting,mid_runs,1301,0,0.0,961.0,62.827,13.0,114.165
smat_batting,death_runs,1301,0,0.0,508.0,36.483,12.0,60.812
smat_batting,pp_balls_faced,1301,0,0.0,660.0,38.405,4.0,77.441
smat_batting,mid_balls_faced,1301,0,0.0,659.0,55.362,17.0,90.639
smat_batting,death_balls_faced,1301,0,0.0,267.0,25.231,12.0,35.589
smat_batting,pp_runs_pct,1236,65,0.0,1.0,0.224,0.037,0.304
smat_batting,mid_runs_pct,1236,65,0.0,1.0,0.329,0.329,0.278
smat_batting,death_runs_pct,1236,65,0.0,1.0,0.448,0.364,0.383
smat_batting,pp_strike_rate,720,581,0.0,400.0,93.246,96.825,48.841
smat_batting,mid_strike_rate,982,319,0.0,292.86,91.507,98.725,43.163
smat_batting,death_strike_rate,1064,237,0.0,400.0,116.975,117.14,62.732
smat_batting,avg_runs_in_wins,804,497,0.0,80.0,17.779,16.0,13.342
smat_batting,avg_runs_in_losses,1236,65,0.0,68.0,10.776,8.5,9.387
smat_batting,balls_faced_per_match,1301,0,0.0,46.0,11.328,9.8,7.63
smat_batting,sample_reliability_score,1301,0,0.062,1.0,0.536,0.479,0.361
smat_batting,season_start_year,1301,0,2015.0,2024.0,2020.386,2021.0,2.453
smat_batting,avg_position,1301,0,1.0,11.0,5.86,5.765,2.923
smat_batting,median_position,1301,0,1.0,11.0,5.844,6.0,3.035
smat_batting,highest_position,1301,0,1.0,11.0,4.736,4.0,3.184
smat_batting,lowest_position,1301,0,1.0,11.0,7.087,7.0,2.839
smat_batting,typical_position,1301,0,1.0,11.0,5.596,6.0,3.142
smat_bowling,total_wickets,970,0,0.0,67.0,7.801,4.0,10.45
smat_bowling,total_matches_bowled,970,0,1.0,47.0,8.534,5.0,9.068
smat_bowling,total_balls_bowled,970,0,1.0,1028.0,159.157,84.0,187.952
smat_bowling,total_runs_conceded,970,0,0.0,1360.0,199.169,107.0,228.032
smat_bowling,total_wides,970,0,0.0,38.0,4.147,2.0,6.081
smat_bowling,total_noballs,970,0,0.0,9.0,0.447,0.0,1.07
smat_bowling,economy_rate,970,0,0.0,30.0,8.191,7.75,2.524
smat_bowling,bowling_average,780,190,0.0,181.0,31.138,26.07,20.697
smat_bowling,bowling_strike_rate,780,190,2.0,108.0,23.884,20.485,13.958
smat_bowling,avg_wickets_per_match,970,0,0.0,4.0,0.764,0.75,0.601
smat_bowling,bowling_consistency,970,0,0.0,2.83,0.673,0.72,0.526
smat_bowling,two_plus_hauls,970,0,0.0,26.0,2.064,1.0,3.099
smat_bowling,two_plus_haul_rate,970,0,0.0,1.0,0.188,0.143,0.226
smat_bowling,bowling_dot_rate,970,0,0.0,1.0,0.348,0.354,0.116
smat_bowling,wide_rate,970,0,0.0,4.0,0.434,0.333,0.496
smat_bowling,noball_rate,970,0,0.0,2.5,0.053,0.0,0.172
smat_bowling,pp_runs_conceded,970,0,0.0,579.0,60.613,21.0,91.991
smat_bowling,mid_runs_conceded,970,0,0.0,756.0,87.257,43.0,116.971
smat_bowling,death_runs_conceded,970,0,0.0,648.0,51.299,19.0,80.474
smat_bowling,pp_balls_bowled,970,0,0.0,516.0,51.356,18.0,80.588
smat_bowling,mid_balls_bowled,970,0,0.0,690.0,74.144,36.0,104.926
smat_bowling,death_balls_bowled,970,0,0.0,410.0,33.657,12.0,52.947
smat_bowling,pp_economy,688,282,0.0,22.0,7.811,7.385,2.781
smat_bowling,mid_economy,887,83,0.5,30.0,7.79,7.29,2.724
smat_bowling,death_economy,721,249,0.0,28.29,9.527,9.0,3.885
smat_bowling,pp_workload_pct,970,0,0.0,1.0,0.279,0.216,0.271
smat_bowling,mid_workload_pct,970,0,0.0,1.0,0.532,0.586,0.331
smat_bowling,death_workload_pct,970,0,0.0,1.0,0.189,0.155,0.196
smat_bowling,wickets_in_wins,726,244,0.0,5.0,1.067,1.0,0.792
smat_bowling,wickets_in_losses,856,114,0.0,4.0,0.593,0.5,0.538
smat_bowling,balls_bowled_per_match,970,0,1.0,24.0,16.541,18.0,5.457
smat_bowling,sample_reliability_score,970,0,0.067,1.0,0.611,0.638,0.365
smat_bowling,season_start_year,970,0,2015.0,2024.0,2020.392,2021.0,2.47
smat_allrounder,season_start_year,1463,0,2015.0,2024.0,2020.403,2021.0,2.454
smat_allrounder,batting_strength_score,1463,0,0.0,141.4,37.375,37.57,24.505
smat_allrounder,bowling_strength_score,1463,0,0.0,192.05,47.855,55.27,38.89
smat_allrounder,allrounder_index,1463,0,0.0,118.95,42.615,42.11,20.399
smat_allrounder,total_runs,1301,162,0.0,1432.0,141.953,43.0,228.877
smat_allrounder,total_matches,1301,162,1.0,46.0,8.124,4.0,8.795
smat_allrounder,total_balls_faced,1301,162,0.0,1175.0,118.998,43.0,174.827
smat_allrounder,avg_runs,1301,162,0.0,68.0,12.145,9.67,10.028
smat_allrounder,strike_rate,1300,163,0.0,400.0,97.444,100.965,46.219
smat_allrounder,total_wickets,970,493,0.0,67.0,7.801,4.0,10.45
smat_allrounder,total_matches_bowled,970,493,1.0,47.0,8.534,5.0,9.068
smat_allrounder,total_balls_bowled,970,493,1.0,1028.0,159.157,84.0,187.952
smat_allrounder,avg_wickets_per_match,970,493,0.0,4.0,0.764,0.75,0.601
smat_allrounder,economy_rate,970,493,0.0,30.0,8.191,7.75,2.524
smat_positions,avg_position,1301,0,1.0,11.0,5.86,5.765,2.923
smat_positions,median_position,1301,0,1.0,11.0,5.844,6.0,3.035
smat_positions,highest_position,1301,0,1.0,11.0,4.736,4.0,3.184
smat_positions,lowest_position,1301,0,1.0,11.0,7.087,7.0,2.839
smat_positions,typical_position,1301,0,1.0,11.0,5.596,6.0,3.142
ipl_batting,total_runs,727,0,0.0,9040.0,508.902,73.0,1083.643
ipl_batting,total_matches,727,0,1.0,270.0,25.171,8.0,40.639
ipl_batting,total_balls_faced,727,0,1.0,6748.0,383.095,71.0,796.953
ipl_batting,total_fours,727,0,0.0,814.0,46.0,6.0,101.635
ipl_batting,total_sixes,727,0,0.0,357.0,20.807,2.0,45.708
ipl_batting,total_dismissed,727,0,0.0,239.0,18.912,5.0,32.822
ipl_batting,avg_runs,727,0,0.0,69.0,11.928,9.5,9.542
ipl_batting,highest_score,727,0,0.0,175.0,37.433,24.0,35.3
ipl_batting,lowest_score,727,0,0.0,69.0,1.466,0.0,4.178
ipl_batting,not_out_rate,727,0,0.0,1.0,0.325,0.25,0.294
ipl_batting,duck_count,727,0,0.0,19.0,1.911,1.0,2.845
ipl_batting,duck_rate,727,0,0.0,1.0,0.114,0.053,0.186
ipl_batting,consistency_score,727,0,0.0,37.49,10.294,8.41,8.667
ipl_batting,innings_above_30,727,0,0.0,131.0,6.395,0.0,14.939
ipl_batting,innings_above_50,727,0,0.0,74.0,2.805,0.0,7.723
ipl_batting,innings_above_30_pct,727,0,0.0,1.0,0.117,0.0,0.163
ipl_batting,innings_above_50_pct,727,0,0.0,1.0,0.043,0.0,0.086
ipl_batting,strike_rate,727,0,0.0,400.0,106.811,112.5,43.829
ipl_batting,boundary_rate,727,0,0.0,1.0,0.128,0.135,0.091
ipl_batting,six_rate,727,0,0.0,0.333,0.038,0.032,0.041
ipl_batting,four_rate,727,0,0.0,1.0,0.09,0.091,0.076
ipl_batting,boundary_runs_pct,699,28,0.0,1.0,0.49,0.556,0.241
ipl_batting,dot_ball_rate,727,0,0.0,1.0,0.459,0.423,0.166
ipl_batting,pp_runs,727,0,0.0,3415.0,150.831,1.0,424.489
ipl_batting,mid_runs,727,0,0.0,4176.0,222.546,18.0,506.71
ipl_batting,death_runs,727,0,0.0,3468.0,135.525,26.0,289.594
ipl_batting,pp_balls_faced,727,0,0.0,2780.0,120.047,3.0,329.363
ipl_batting,mid_balls_faced,727,0,0.0,3325.0,176.816,20.0,391.785
ipl_batting,death_balls_faced,727,0,0.0,1982.0,86.232,23.0,167.104
ipl_batting,pp_runs_pct,699,28,0.0,1.0,0.188,0.014,0.282
ipl_batting,mid_runs_pct,699,28,0.0,1.0,0.304,0.305,0.257
ipl_batting,death_runs_pct,699,28,0.0,1.0,0.508,0.507,0.373
ipl_batting,pp_strike_rate,386,341,0.0,350.0,105.324,108.93,48.32
ipl_batting,mid_strike_rate,560,167,0.0,400.0,101.568,106.97,46.0
ipl_batting,death_strike_rate,642,85,0.0,483.33,122.014,128.57,59.734
ipl_batting,avg_runs_in_wins,535,192,0.0,51.12,15.798,14.18,11.772
ipl_batting,avg_runs_in_losses,706,21,0.0,69.0,10.98,9.0,8.704
ipl_batting,balls_faced_per_match,727,0,1.0,47.0,10.065,8.67,6.561
ipl_batting,sample_reliability_score,727,0,0.067,1.0,0.637,0.746,0.368
ipl_batting,season_start_year,727,0,2008.0,2026.0,2018.724,2020.0,6.295
ipl_batting,avg_position,727,0,1.0,11.0,6.308,6.294,2.95
ipl_batting,median_position,727,0,1.0,11.0,6.288,6.5,3.046
ipl_batting,highest_position,727,0,1.0,11.0,5.006,4.0,3.329
ipl_batting,lowest_position,727,0,1.0,11.0,7.733,8.0,2.648
ipl_batting,typical_position,727,0,1.0,11.0,6.103,6.0,3.182
ipl_bowling,total_wickets,568,0,0.0,228.0,23.097,8.0,37.529
ipl_bowling,total_matches_bowled,568,0,1.0,233.0,25.243,10.0,36.604
ipl_bowling,total_balls_bowled,568,0,1.0,4710.0,488.234,184.5,765.254
ipl_bowling,total_runs_conceded,568,0,0.0,5676.0,673.572,269.5,1006.691
ipl_bowling,total_wides,568,0,0.0,190.0,20.051,7.0,31.547
ipl_bowling,total_noballs,568,0,0.0,37.0,2.162,1.0,4.037
ipl_bowling,economy_rate,568,0,0.0,36.0,9.365,8.81,2.786
ipl_bowling,bowling_average,483,85,0.0,136.0,35.108,31.18,16.943
ipl_bowling,bowling_strike_rate,483,85,1.0,90.0,23.741,21.45,10.096
ipl_bowling,avg_wickets_per_match,568,0,0.0,3.0,0.742,0.779,0.466
ipl_bowling,bowling_consistency,568,0,0.0,2.83,0.748,0.82,0.437
ipl_bowling,two_plus_hauls,568,0,0.0,62.0,6.188,2.0,10.444
ipl_bowling,two_plus_haul_rate,568,0,0.0,1.0,0.185,0.172,0.171
ipl_bowling,bowling_dot_rate,568,0,0.0,1.0,0.337,0.346,0.109
ipl_bowling,wide_rate,568,0,0.0,7.0,0.777,0.667,0.752
ipl_bowling,noball_rate,568,0,0.0,3.0,0.112,0.014,0.265
ipl_bowling,pp_runs_conceded,568,0,0.0,2679.0,200.502,61.5,362.112
ipl_bowling,mid_runs_conceded,568,0,0.0,4388.0,293.19,110.5,521.195
ipl_bowling,death_runs_conceded,568,0,0.0,2369.0,179.88,55.0,311.569
ipl_bowling,pp_balls_bowled,568,0,0.0,2453.0,153.03,42.0,292.471
ipl_bowling,mid_balls_bowled,568,0,0.0,3516.0,225.688,78.0,423.008
ipl_bowling,death_balls_bowled,568,0,0.0,1533.0,109.516,28.0,197.452
ipl_bowling,pp_economy,457,111,0.0,23.5,8.931,8.5,2.757
ipl_bowling,mid_economy,542,26,3.5,30.0,8.719,8.18,2.594
ipl_bowling,death_economy,479,89,0.0,36.0,10.943,10.32,3.597
ipl_bowling,pp_workload_pct,568,0,0.0,1.0,0.277,0.25,0.235
ipl_bowling,mid_workload_pct,568,0,0.0,1.0,0.511,0.5,0.285
ipl_bowling,death_workload_pct,568,0,0.0,1.0,0.213,0.189,0.183
ipl_bowling,wickets_in_wins,490,78,0.0,4.0,0.959,1.0,0.595
ipl_bowling,wickets_in_losses,530,38,0.0,3.0,0.607,0.6,0.471
ipl_bowling,balls_bowled_per_match,568,0,1.0,24.0,16.98,18.35,5.541
ipl_bowling,sample_reliability_score,568,0,0.067,1.0,0.74,1.0,0.347
ipl_bowling,season_start_year,568,0,2008.0,2026.0,2018.699,2019.0,6.191
ipl_allrounder,season_start_year,794,0,2008.0,2026.0,2018.758,2020.0,6.291
ipl_allrounder,batting_strength_score,794,0,0.0,142.8,41.272,42.785,23.597
ipl_allrounder,bowling_strength_score,794,0,0.0,152.23,50.549,62.795,35.425
ipl_allrounder,allrounder_index,794,0,0.0,102.1,45.91,49.285,17.942
ipl_allrounder,total_runs,727,67,0.0,9040.0,508.902,73.0,1083.643
ipl_allrounder,total_matches,727,67,1.0,270.0,25.171,8.0,40.639
ipl_allrounder,total_balls_faced,727,67,1.0,6748.0,383.095,71.0,796.953
ipl_allrounder,avg_runs,727,67,0.0,69.0,11.928,9.5,9.542
ipl_allrounder,strike_rate,727,67,0.0,400.0,106.811,112.5,43.829
ipl_allrounder,total_wickets,568,226,0.0,228.0,23.097,8.0,37.529
ipl_allrounder,total_matches_bowled,568,226,1.0,233.0,25.243,10.0,36.604
ipl_allrounder,total_balls_bowled,568,226,1.0,4710.0,488.234,184.5,765.254
ipl_allrounder,avg_wickets_per_match,568,226,0.0,3.0,0.742,0.779,0.466
ipl_allrounder,economy_rate,568,226,0.0,36.0,9.365,8.81,2.786
ipl_positions,avg_position,727,0,1.0,11.0,6.308,6.294,2.95
ipl_positions,median_position,727,0,1.0,11.0,6.288,6.5,3.046
ipl_positions,highest_position,727,0,1.0,11.0,5.006,4.0,3.329
ipl_positions,lowest_position,727,0,1.0,11.0,7.733,8.0,2.648
ipl_positions,typical_position,727,0,1.0,11.0,6.103,6.0,3.182
ipl_2026_batting,matches,177,0,1.0,17.0,6.395,5.0,5.014
ipl_2026_batting,innings,177,0,1.0,17.0,6.418,5.0,5.042
ipl_2026_batting,runs,177,0,0.0,776.0,147.757,60.0,183.773
ipl_2026_batting,balls_faced,177,0,1.0,458.0,94.531,46.0,109.105
ipl_2026_batting,fours,177,0,0.0,75.0,13.181,5.0,17.451
ipl_2026_batting,sixes,177,0,0.0,72.0,8.056,3.0,11.232
ipl_2026_batting,dismissals,177,0,0.0,16.0,4.842,4.0,4.507
ipl_2026_batting,not_outs,177,0,0.0,8.0,1.576,1.0,1.598
ipl_2026_batting,high_score,177,0,0.0,152.0,37.797,25.0,34.971
ipl_2026_batting,ducks,177,0,0.0,3.0,0.475,0.0,0.7
ipl_2026_batting,pp_runs,177,0,0.0,521.0,47.593,0.0,94.534
ipl_2026_batting,pp_balls,177,0,0.0,244.0,29.932,0.0,54.813
ipl_2026_batting,mid_runs,177,0,0.0,418.0,65.181,21.0,89.76
ipl_2026_batting,mid_balls,177,0,0.0,265.0,43.955,18.0,56.212
ipl_2026_batting,death_runs,177,0,0.0,199.0,34.983,15.0,45.128
ipl_2026_batting,death_balls,177,0,0.0,115.0,20.644,12.0,23.682
ipl_2026_batting,dot_balls,177,0,0.0,143.0,32.124,17.0,34.643
ipl_2026_batting,strike_rate,177,0,0.0,350.0,128.544,136.96,55.561
ipl_2026_batting,average,147,30,0.0,66.5,23.898,22.0,16.265
ipl_2026_batting,pp_strike_rate,84,93,0.0,400.0,133.809,137.69,64.537
ipl_2026_batting,mid_strike_rate,132,45,0.0,400.0,133.719,132.405,57.181
ipl_2026_batting,death_strike_rate,151,26,0.0,350.0,139.963,147.62,72.255
ipl_2026_batting,sample_reliability_score,177,0,0.067,1.0,0.545,0.525,0.377
ipl_2026_batting,balls_faced_per_match,177,0,1.0,28.6,10.789,9.5,7.192
ipl_2026_batting,boundary_rate,177,0,0.0,0.75,0.172,0.185,0.116
ipl_2026_batting,six_rate,177,0,0.0,0.25,0.06,0.058,0.058
ipl_2026_batting,four_rate,177,0,0.0,0.5,0.111,0.116,0.088
ipl_2026_batting,dot_ball_rate,177,0,0.0,1.0,0.419,0.363,0.198
ipl_2026_batting,season_start_year,177,0,2026.0,2026.0,2026.0,2026.0,0.0
ipl_2026_bowling,matches,127,0,1.0,17.0,6.74,6.0,4.781
ipl_2026_bowling,innings,127,0,1.0,17.0,6.756,6.0,4.805
ipl_2026_bowling,wickets,127,0,0.0,29.0,6.906,5.0,6.947
ipl_2026_bowling,balls_bowled,127,0,1.0,388.0,131.252,101.0,108.003
ipl_2026_bowling,runs_conceded,127,0,1.0,625.0,212.291,181.0,163.918
ipl_2026_bowling,wides,127,0,0.0,25.0,5.866,4.0,5.561
ipl_2026_bowling,noballs,127,0,0.0,7.0,0.496,0.0,1.083
ipl_2026_bowling,dot_balls,127,0,0.0,172.0,44.772,36.0,41.788
ipl_2026_bowling,maiden_overs,127,0,0.0,3.0,0.134,0.0,0.443
ipl_2026_bowling,pp_runs,127,0,0.0,445.0,68.228,28.0,84.538
ipl_2026_bowling,pp_balls,127,0,0.0,282.0,41.591,18.0,55.988
ipl_2026_bowling,mid_runs,127,0,0.0,392.0,93.441,65.0,91.346
ipl_2026_bowling,mid_balls,127,0,0.0,277.0,61.071,44.0,63.696
ipl_2026_bowling,death_runs,127,0,0.0,235.0,50.622,33.0,54.467
ipl_2026_bowling,death_balls,127,0,0.0,144.0,28.591,17.0,31.95
ipl_2026_bowling,overs,127,0,0.1,64.4,21.793,16.5,17.975
ipl_2026_bowling,economy,127,0,6.0,36.0,10.752,10.14,3.736
ipl_2026_bowling,avg,106,21,7.0,148.0,38.497,32.43,24.385
ipl_2026_bowling,strike_rate,106,21,6.0,90.0,22.817,19.185,13.934
ipl_2026_bowling,pp_economy,92,35,4.5,23.0,11.078,10.255,3.597
ipl_2026_bowling,mid_economy,118,9,5.0,18.0,9.796,9.5,2.234
ipl_2026_bowling,death_economy,104,23,3.5,36.0,11.765,11.0,4.698
ipl_2026_bowling,pp_workload_pct,127,0,0.0,1.0,0.288,0.258,0.268
ipl_2026_bowling,mid_workload_pct,127,0,0.0,1.0,0.504,0.5,0.305
ipl_2026_bowling,death_workload_pct,127,0,0.0,1.0,0.208,0.194,0.184
ipl_2026_bowling,sample_reliability_score,127,0,0.067,1.0,0.656,0.733,0.354
ipl_2026_bowling,two_plus_hauls,127,0,0.0,1.0,0.717,1.0,0.452
ipl_2026_bowling,four_plus_hauls,127,0,0.0,1.0,0.575,1.0,0.496
ipl_2026_bowling,five_wicket_hauls,127,0,0.0,1.0,0.52,1.0,0.502
ipl_2026_bowling,season_start_year,127,0,2026.0,2026.0,2026.0,2026.0,0.0
ipl_2026_current_squad,season,257,0,2026.0,2026.0,2026.0,2026.0,0.0
ipl_2026_current_squad,batting_role,0,257,,,,,
ipl_2026_current_squad,bowling_role,0,257,,,,,
ipl_2026_current_squad,matches_played,257,0,0.0,17.0,6.043,5.0,5.577
ipl_2026_current_squad,batting_innings,257,0,0.0,17.0,4.101,2.0,5.083
ipl_2026_current_squad,runs,257,0,0.0,776.0,93.829,6.0,162.503
ipl_2026_current_squad,balls_faced,257,0,0.0,458.0,60.167,7.0,98.291
ipl_2026_current_squad,fours,257,0,0.0,75.0,8.323,0.0,15.232
ipl_2026_current_squad,sixes,257,0,0.0,72.0,5.14,0.0,9.793
ipl_2026_current_squad,dismissals,257,0,0.0,16.0,3.086,1.0,4.283
ipl_2026_current_squad,batting_strike_rate,162,95,0.0,350.0,129.426,137.12,56.118
ipl_2026_current_squad,batting_average,136,121,0.0,66.5,23.931,21.75,16.399
ipl_2026_current_squad,bowling_innings,257,0,0.0,17.0,3.066,0.0,4.674
ipl_2026_current_squad,balls_bowled,257,0,0.0,388.0,60.023,0.0,98.329
ipl_2026_current_squad,runs_conceded,257,0,0.0,625.0,96.883,0.0,153.149
ipl_2026_current_squad,wickets,257,0,0.0,29.0,3.206,0.0,5.882
ipl_2026_current_squad,bowling_economy,116,141,6.6,36.0,10.626,10.13,3.062
ipl_2026_current_squad,bowling_strike_rate,98,159,6.0,90.0,22.325,18.96,14.07
ipl_2026_current_squad,dot_balls,257,0,0.0,143.0,20.553,3.0,31.955
ipl_2026_current_squad,notes,0,257,,,,,
ipl_2026_match_summary,match_id,39,0,1.0,39.0,20.0,20.0,11.402
ipl_2026_match_summary,first_ings_score,38,1,75.0,264.0,190.526,197.0,39.395
ipl_2026_match_summary,first_ings_wkts,38,1,2.0,10.0,6.289,6.0,2.47
ipl_2026_match_summary,second_ings_score,38,1,77.0,265.0,175.5,180.0,39.748
ipl_2026_match_summary,second_ings_wkts,38,1,1.0,10.0,6.053,5.0,2.671
ipl_2026_match_summary,wb_runs,15,24,1.0,103.0,41.667,40.0,30.659
ipl_2026_match_summary,wb_wickets,22,17,3.0,9.0,5.773,6.0,1.478
ipl_2026_match_summary,balls_left,38,1,0.0,81.0,10.684,6.0,15.774
ipl_2026_match_summary,highscore,38,1,34.0,152.0,79.447,77.5,24.521
ipl_2026_match_summary,total_runs,39,0,25.0,527.0,351.128,355.0,90.433
ipl_2026_match_summary,wickets,39,0,2.0,18.0,12.051,12.0,3.22
ipl_2026_match_summary,balls,39,0,22.0,244.0,220.718,233.0,40.559
